学号,性别,民族,省份,语文,外语,数学
1181020200001 ,女,汉族,海南省,240,236,220
1181020200002 ,男,汉族,海南省,223,218,227
1181020200003 ,男,汉族,海南省,193,210,252
1181020200004 ,女,汉族,海南省,213,209,236
1181020200005 ,男,汉族,海南省,213,196,238
1181020200006 ,女,汉族,海南省,226,215,192
1181020200007 ,男,汉族,海南省,213,196,215
1181020200008 ,女,汉族,海南省,230,226,189
1181020200009 ,女,黎族,海南省,205,201,187
1181020200010 ,女,汉族,海南省,217,200,204
1181020200011 ,女,汉族,海南省,215,201,216
1181020200012 ,男,汉族,海南省,211,187,229
1181020200013 ,女,汉族,海南省,211,207,197
1181020200014 ,女,黎族,海南省,221,203,200
1181020200015 ,女,汉族,海南省,228,214,209
1181020200016 ,女,汉族,海南省,215,205,188
1181020200017 ,男,汉族,海南省,213,219,208
1181020200018 ,女,汉族,海南省,228,197,214
1181020200019 ,女,汉族,海南省,213,205,214
1181020200020 ,男,黎族,海南省,207,202,224
1181020200021 ,男,黎族,海南省,185,190,216
1181020200022 ,女,汉族,海南省,219,206,224
1181020200023 ,女,汉族,海南省,193,206,205
1181020200024 ,男,汉族,海南省,211,188,201
1181020200025 ,男,汉族,海南省,215,202,207
1181020200026 ,女,汉族,海南省,205,194,207
1181020200027 ,男,汉族,海南省,195,208,212
1181020200028 ,男,汉族,海南省,207,206,222
1181020200029 ,男,汉族,海南省,217,187,194
1181020200030 ,男,汉族,海南省,195,198,202
1181020200031 ,男,汉族,海南省,211,190,183
1181020200032 ,女,汉族,海南省,203,223,216
1181020200033 ,女,汉族,海南省,223,199,204
1181020200034 ,女,汉族,海南省,193,215,192
1181020200035 ,女,汉族,海南省,199,195,212
1181020200036 ,女,汉族,海南省,197,203,216
1181020200037 ,女,汉族,海南省,215,210,197
1181020200038 ,女,黎族,海南省,211,200,195
1181020200039 ,男,汉族,海南省,217,172,224
1181020200040 ,女,汉族,海南省,213,212,188
1181020200041 ,女,汉族,海南省,193,199,191
1181020200042 ,女,黎族,海南省,226,202,187
1181020200043 ,女,汉族,海南省,213,194,197
1181020200044 ,女,黎族,海南省,195,194,188
1181020200045 ,女,汉族,海南省,215,188,213
1181020200046 ,男,汉族,海南省,199,198,204
1181020200047 ,女,汉族,海南省,179,203,195
1181020200048 ,女,汉族,海南省,217,198,206
1181020200049 ,女,汉族,海南省,165,200,189
1181020200050 ,女,汉族,海南省,217,196,188
1181020200051 ,男,汉族,海南省,213,175,193
1181020200052 ,男,汉族,海南省,207,181,212
1181020200053 ,男,汉族,海南省,221,174,218
1181020200054 ,女,汉族,海南省,215,212,203
1181020200055 ,女,汉族,海南省,195,181,225
1181020200056 ,女,汉族,海南省,207,186,204
1181020200057 ,女,汉族,海南省,213,209,190
1181020200058 ,女,汉族,海南省,217,205,197
1181020200059 ,男,汉族,海南省,199,200,206
1181020200060 ,男,汉族,海南省,209,193,200
1181020200061 ,女,汉族,海南省,219,198,179
1181020200062 ,女,汉族,海南省,201,187,195
1181020200063 ,男,汉族,海南省,211,210,203
1181020200064 ,男,汉族,海南省,203,194,208
1181020200065 ,女,汉族,海南省,176,202,212
1181020200066 ,男,汉族,海南省,221,165,211
1181020200067 ,男,汉族,海南省,197,177,198
1181020200068 ,女,汉族,海南省,197,190,187
1181020200069 ,女,汉族,海南省,189,202,207
1181020200070 ,女,汉族,海南省,213,196,188
1181020200071 ,男,汉族,海南省,161,164,231
1181020200072 ,女,汉族,海南省,189,212,188
1181020200073 ,女,汉族,海南省,199,197,195
1181020200074 ,女,汉族,海南省,199,203,213
1181020200075 ,女,汉族,海南省,217,182,195
1181020200076 ,女,汉族,海南省,213,192,184
1181020200077 ,男,汉族,海南省,176,188,205
1181020200078 ,女,汉族,海南省,211,191,195
1181020200079 ,女,汉族,海南省,197,197,189
1181020200080 ,女,汉族,海南省,201,188,204
1181020200081 ,女,汉族,海南省,183,208,186
1181020200082 ,女,汉族,海南省,215,194,190
1181020200083 ,女,汉族,海南省,193,201,190
1181020200084 ,女,汉族,海南省,230,160,179
1181020200085 ,女,汉族,海南省,197,209,195
1181020200086 ,女,汉族,海南省,183,195,197
1181020200087 ,男,汉族,海南省,203,181,197
1181020200088 ,女,汉族,海南省,181,212,199
1181020200089 ,女,汉族,海南省,183,203,208
1181020200090 ,女,汉族,海南省,203,212,181
1181020200091 ,女,汉族,海南省,209,204,187
1181020200092 ,女,黎族,海南省,215,174,186
1181020200093 ,女,汉族,海南省,170,194,205
1181020200094 ,男,汉族,海南省,189,202,204
1181020200095 ,女,苗族,海南省,195,194,156
1181020200096 ,女,黎族,海南省,215,197,186
1181020200097 ,女,汉族,海南省,172,202,195
1181020200098 ,女,汉族,海南省,223,201,174
1181020200099 ,男,黎族,海南省,201,188,183
1181020200100 ,男,汉族,海南省,179,174,200
1181020200101 ,女,黎族,海南省,191,187,188
1181020200102 ,女,黎族,海南省,189,200,188
1181020200103 ,女,黎族,海南省,157,190,204
1181020200104 ,男,汉族,海南省,185,170,201
1181020200105 ,女,黎族,海南省,159,168,193
1181020200106 ,女,汉族,海南省,185,191,182
1181020200107 ,女,汉族,海南省,195,187,182
1181020200108 ,男,汉族,海南省,191,170,182
1181020200109 ,女,汉族,海南省,179,210,185
1181020200110 ,女,黎族,海南省,189,190,190
1181020200111 ,女,黎族,海南省,168,183,189
1181020200112 ,女,汉族,海南省,191,191,191
1181020200113 ,男,汉族,海南省,201,162,172
1181020200114 ,男,汉族,海南省,176,210,182
1181020200115 ,男,汉族,海南省,165,192,186
1181020200116 ,女,黎族,海南省,195,177,177
1181020200117 ,女,黎族,海南省,179,174,168
1181020200118 ,女,黎族,海南省,185,200,170
1181020200119 ,女,汉族,海南省,189,159,181
1181020200120 ,男,汉族,海南省,166,164,206
1181020200121 ,女,汉族,海南省,203,177,164
1181020200122 ,女,汉族,海南省,181,184,165
1181020200123 ,男,汉族,海南省,199,188,231
1181020200124 ,男,汉族,海南省,199,213,228
1181020200125 ,男,汉族,海南省,230,202,229
1181020200126 ,男,汉族,海南省,193,181,220
1181020200127 ,女,汉族,海南省,203,228,206
1181020200128 ,女,黎族,海南省,233,222,180
1181020200129 ,男,汉族,海南省,201,212,223
1181020200130 ,男,汉族,海南省,215,214,196
1181020200131 ,女,汉族,海南省,203,198,201
1181020200132 ,女,汉族,海南省,189,218,201
1181020200133 ,女,汉族,海南省,215,214,181
1181020200134 ,女,汉族,海南省,197,197,205
1181020200135 ,女,汉族,海南省,193,217,202
1181020200136 ,男,汉族,海南省,189,207,200
1181020200137 ,女,黎族,海南省,213,214,180
1181020200138 ,男,汉族,海南省,187,194,205
1181020200139 ,男,汉族,海南省,217,195,175
1181020200140 ,男,汉族,海南省,211,188,199
1181020200141 ,男,汉族,海南省,203,189,207
1181020200142 ,女,黎族,海南省,189,197,209
1181020200143 ,女,汉族,海南省,219,193,193
1181020200144 ,女,汉族,海南省,203,191,179
1181020200145 ,男,汉族,海南省,176,182,225
1181020200146 ,女,汉族,海南省,145,212,212
1181020200147 ,女,汉族,海南省,189,215,185
1181020200148 ,男,汉族,海南省,203,177,204
1181020200149 ,女,黎族,海南省,197,185,210
1181020200150 ,女,汉族,海南省,185,193,198
1181020200151 ,男,汉族,海南省,209,198,201
1181020200152 ,女,汉族,海南省,189,175,214
1181020200153 ,女,汉族,海南省,191,199,203
1181020200154 ,男,汉族,海南省,213,180,197
1181020200155 ,男,黎族,海南省,179,181,203
1181020200156 ,男,汉族,海南省,193,153,215
1181020200157 ,男,汉族,海南省,166,179,215
1181020200158 ,女,黎族,海南省,189,183,165
1181020200159 ,男,汉族,江苏省,106,94,140
1181020200160 ,女,汉族,江苏省,122,90,122
1181020200161 ,女,汉族,江苏省,126,95,117
1181020200162 ,男,汉族,江苏省,113,99,125
1181020200163 ,男,汉族,江苏省,118,99,115
1181020200164 ,男,汉族,江苏省,123,96,111
1181020200165 ,女,汉族,江苏省,118,101,118
1181020200166 ,女,汉族,江苏省,114,96,121
1181020200167 ,男,汉族,江苏省,112,97,129
1181020200168 ,男,汉族,江苏省,109,91,128
1181020200169 ,男,汉族,江苏省,116,97,120
1181020200170 ,男,汉族,江苏省,115,97,121
1181020200171 ,男,汉族,江苏省,112,90,131
1181020200172 ,女,汉族,江苏省,124,98,109
1181020200173 ,女,汉族,江苏省,117,100,123
1181020200174 ,男,汉族,江苏省,119,101,121
1181020200175 ,男,汉族,江苏省,108,92,131
1181020200176 ,男,汉族,江苏省,122,85,125
1181020200177 ,男,汉族,江苏省,121,92,120
1181020200178 ,女,汉族,江苏省,122,95,116
1181020200179 ,男,汉族,江苏省,115,90,123
1181020200180 ,男,汉族,江苏省,115,96,121
1181020200181 ,男,汉族,江苏省,115,92,124
1181020200182 ,男,汉族,江苏省,117,97,120
1181020200183 ,男,汉族,江苏省,107,93,130
1181020200184 ,男,汉族,江苏省,110,101,122
1181020200185 ,男,汉族,江苏省,125,95,113
1181020200186 ,男,汉族,江苏省,106,100,122
1181020200187 ,男,汉族,江苏省,121,91,118
1181020200188 ,男,汉族,江苏省,116,96,118
1181020200189 ,男,汉族,江苏省,114,92,122
1181020200190 ,男,汉族,江苏省,108,94,132
1181020200191 ,女,汉族,江苏省,111,85,130
1181020200192 ,女,汉族,江苏省,120,97,111
1181020200193 ,男,汉族,江苏省,107,105,117
1181020200194 ,男,汉族,江苏省,111,88,128
1181020200195 ,男,汉族,江苏省,113,97,125
1181020200196 ,男,汉族,江苏省,126,73,130
1181020200197 ,女,汉族,江苏省,117,97,114
1181020200198 ,男,汉族,江苏省,110,96,120
1181020200199 ,男,汉族,江苏省,118,85,127
1181020200200 ,男,汉族,江苏省,121,94,113
1181020200201 ,女,汉族,江苏省,104,100,126
1181020200202 ,女,汉族,江苏省,113,93,127
1181020200203 ,女,汉族,江苏省,119,87,124
1181020200204 ,男,汉族,江苏省,114,102,113
1181020200205 ,男,汉族,江苏省,123,85,118
1181020200206 ,男,汉族,江苏省,122,89,116
1181020200207 ,女,汉族,江苏省,126,90,113
1181020200208 ,男,汉族,江苏省,117,90,126
1181020200209 ,男,汉族,江苏省,105,86,142
1181020200210 ,女,汉族,江苏省,120,92,115
1181020200211 ,男,汉族,海南省,189,181,246
1181020200212 ,女,汉族,海南省,207,217,174
1181020200213 ,女,汉族,海南省,230,216,205
1181020200214 ,女,汉族,海南省,215,213,200
1181020200215 ,女,汉族,海南省,226,210,198
1181020200216 ,男,汉族,海南省,235,180,230
1181020200217 ,男,汉族,海南省,195,209,216
1181020200218 ,男,汉族,海南省,199,226,206
1181020200219 ,女,黎族,海南省,217,202,213
1181020200220 ,女,汉族,海南省,201,227,215
1181020200221 ,女,汉族,海南省,207,222,194
1181020200222 ,女,汉族,海南省,193,208,212
1181020200223 ,女,汉族,海南省,221,215,194
1181020200224 ,女,汉族,海南省,233,202,201
1181020200225 ,男,汉族,海南省,199,208,203
1181020200226 ,男,汉族,海南省,195,196,227
1181020200227 ,男,汉族,海南省,217,195,220
1181020200228 ,男,汉族,海南省,159,188,252
1181020200229 ,女,汉族,海南省,215,226,181
1181020200230 ,男,汉族,海南省,213,190,220
1181020200231 ,女,汉族,海南省,217,212,200
1181020200232 ,男,汉族,海南省,211,214,196
1181020200233 ,男,汉族,海南省,207,182,228
1181020200234 ,女,汉族,海南省,223,204,214
1181020200235 ,女,汉族,海南省,215,203,205
1181020200236 ,女,汉族,海南省,248,203,201
1181020200237 ,女,汉族,海南省,211,206,188
1181020200238 ,男,汉族,海南省,185,194,231
1181020200239 ,女,汉族,海南省,250,203,186
1181020200240 ,女,汉族,海南省,242,192,189
1181020200241 ,女,汉族,海南省,199,191,217
1181020200242 ,女,汉族,海南省,203,209,211
1181020200243 ,男,汉族,海南省,205,194,195
1181020200244 ,女,汉族,海南省,215,192,196
1181020200245 ,女,黎族,海南省,230,198,170
1181020200246 ,男,汉族,海南省,211,171,215
1181020200247 ,女,汉族,海南省,223,202,209
1181020200248 ,女,汉族,海南省,199,217,208
1181020200249 ,女,汉族,海南省,203,205,182
1181020200250 ,女,汉族,海南省,168,200,210
1181020200251 ,女,汉族,海南省,201,178,198
1181020200252 ,女,汉族,海南省,193,206,198
1181020200253 ,女,汉族,海南省,219,203,187
1181020200254 ,女,汉族,海南省,217,202,203
1181020200255 ,女,汉族,海南省,201,199,196
1181020200256 ,男,汉族,北京市,101,103,115
1181020200257 ,男,蒙古族,北京市,87,89,111
1181020200258 ,男,汉族,北京市,90,76,123
1181020200259 ,女,汉族,北京市,93,107,116
1181020200260 ,女,汉族,北京市,95,88,110
1181020200261 ,女,汉族,新疆维吾尔族自治区,109,103,87
1181020200262 ,女,蒙古族,内蒙古自治区,115,97.5,113.5
1181020200263 ,男,汉族,内蒙古自治区,105,136.3,93
1181020200264 ,男,汉族,内蒙古自治区,107,110.6,102
1181020200265 ,男,蒙古族,内蒙古自治区,110.5,104.4,103
1181020200266 ,男,汉族,内蒙古自治区,105,105.6,113
1181020200267 ,女,汉族,内蒙古自治区,124,127.5,83
1181020200268 ,女,汉族,内蒙古自治区,101.5,124.4,99.5
1181020200269 ,女,汉族,内蒙古自治区,109,118.1,88
1181020200270 ,女,汉族,内蒙古自治区,114.5,116.9,91
1181020200271 ,男,汉族,内蒙古自治区,104,104.4,114
1181020200272 ,男,汉族,内蒙古自治区,119.5,103.8,86.5
1181020200273 ,男,汉族,内蒙古自治区,104,87.5,103
1181020200274 ,女,汉族,广西壮族自治区,109,118,99
1181020200275 ,男,汉族,广西壮族自治区,113,99,116
1181020200276 ,女,汉族,广西壮族自治区,119,131,111
1181020200277 ,男,汉族,广西壮族自治区,94,103,101
1181020200278 ,男,汉族,广西壮族自治区,110,140,84
1181020200279 ,女,壮族,广西壮族自治区,109,106,99
1181020200280 ,女,汉族,广西壮族自治区,118,121,113
1181020200281 ,女,汉族,广西壮族自治区,113,119,106
1181020200282 ,女,汉族,广西壮族自治区,112,112,105
1181020200283 ,男,汉族,广西壮族自治区,106,78,129
1181020200284 ,男,汉族,广西壮族自治区,93,124,108
1181020200285 ,男,汉族,广西壮族自治区,110,137,93
1181020200286 ,女,汉族,广西壮族自治区,111,129,106
1181020200287 ,男,汉族,广西壮族自治区,109,104,113
1181020200288 ,女,汉族,广西壮族自治区,123,113,103
1181020200289 ,女,汉族,广西壮族自治区,124,123,104
1181020200290 ,女,汉族,广西壮族自治区,107,119,97
1181020200291 ,男,汉族,广西壮族自治区,102,110,112
1181020200292 ,男,汉族,广西壮族自治区,112,132,102
1181020200293 ,男,汉族,广西壮族自治区,110,104,112
1181020200294 ,男,汉族,广西壮族自治区,108,114,111
1181020200295 ,男,汉族,广西壮族自治区,108,129,81
1181020200296 ,男,壮族,广西壮族自治区,114,121,103
1181020200297 ,男,汉族,广西壮族自治区,101,124,102
1181020200298 ,女,壮族,广西壮族自治区,107,101,98
1181020200299 ,男,汉族,广西壮族自治区,117,99,100
1181020200300 ,男,汉族,广西壮族自治区,116,109,82
1181020200301 ,女,汉族,广西壮族自治区,115,114,97
1181020200302 ,男,汉族,广西壮族自治区,112,97,111
1181020200303 ,男,汉族,广西壮族自治区,96,90,124
1181020200304 ,女,汉族,海南省,203,202,203
1181020200305 ,女,汉族,海南省,215,217,214
1181020200306 ,女,汉族,河南省,118,114,131
1181020200307 ,男,汉族,河南省,120,131,128
1181020200308 ,女,汉族,河南省,131,133,130
1181020200309 ,女,汉族,河南省,125,129,118
1181020200310 ,女,汉族,河南省,122,127,110
1181020200311 ,男,汉族,河南省,115,106,140
1181020200312 ,女,汉族,河南省,118,133,128
1181020200313 ,女,汉族,河南省,123,104,123
1181020200314 ,女,汉族,河南省,122,124,124
1181020200315 ,男,汉族,河南省,120,114,123
1181020200316 ,女,汉族,河南省,111,118,126
1181020200317 ,女,汉族,河南省,121,128,122
1181020200318 ,男,汉族,河南省,116,126,124
1181020200319 ,男,汉族,河南省,114,118,125
1181020200320 ,男,汉族,河南省,114,124,122
1181020200321 ,男,汉族,河南省,101,112,134
1181020200322 ,女,汉族,河南省,127,116,114
1181020200323 ,女,汉族,河南省,120,118,126
1181020200324 ,女,汉族,河南省,118,126,127
1181020200325 ,女,蒙古族,河南省,128,124,118
1181020200326 ,男,汉族,河南省,126,114,125
1181020200327 ,女,汉族,河南省,124,103,127
1181020200328 ,男,汉族,河南省,118,103,114
1181020200329 ,男,汉族,河南省,103,116,129
1181020200330 ,女,汉族,河南省,120,130,124
1181020200331 ,男,汉族,河南省,119,132,118
1181020200332 ,男,汉族,河南省,113,120,111
1181020200333 ,男,汉族,河南省,112,116,126
1181020200334 ,男,汉族,河南省,111,116,128
1181020200335 ,男,汉族,河南省,107,117,124
1181020200336 ,女,汉族,河南省,130,125,119
1181020200337 ,女,汉族,河南省,126,124,120
1181020200338 ,男,汉族,河南省,115,131,117
1181020200339 ,男,汉族,河南省,113,124,117
1181020200340 ,女,汉族,河南省,107,141,120
1181020200341 ,男,汉族,河南省,104,122,126
1181020200342 ,男,汉族,河南省,113,112,124
1181020200343 ,男,汉族,河南省,107,121,118
1181020200344 ,女,汉族,河南省,132,107,123
1181020200345 ,男,汉族,河南省,123,116,114
1181020200346 ,女,汉族,河南省,120,121,120
1181020200347 ,女,汉族,河南省,119,134,119
1181020200348 ,女,汉族,河南省,127,119,116
1181020200349 ,男,汉族,河南省,120,96,108
1181020200350 ,男,汉族,河南省,115,109,115
1181020200351 ,女,汉族,河南省,115,121,110
1181020200352 ,男,汉族,河南省,121,109,118
1181020200353 ,女,汉族,河南省,118,118,121
1181020200354 ,女,汉族,河南省,115,126,122
1181020200355 ,女,汉族,河南省,113,119,117
1181020200356 ,男,汉族,河南省,111,109,131
1181020200357 ,男,汉族,黑龙江省,116,114,95
1181020200358 ,女,汉族,黑龙江省,103,116,110
1181020200359 ,女,汉族,黑龙江省,122,111,104
1181020200360 ,男,满族,黑龙江省,101,113,108
1181020200361 ,男,汉族,黑龙江省,106,111,108
1181020200362 ,女,汉族,黑龙江省,120,137,105
1181020200363 ,女,汉族,黑龙江省,117,119,107
1181020200364 ,男,蒙古族,黑龙江省,119,115,101
1181020200365 ,男,汉族,内蒙古自治区,109,121.3,81
1181020200366 ,男,汉族,内蒙古自治区,103.5,115,97
1181020200367 ,男,汉族,内蒙古自治区,106,108.1,84
1181020200368 ,女,蒙古族,内蒙古自治区,109,114.4,83.5
1181020200369 ,女,汉族,江苏省,124,87,115
1181020200370 ,男,汉族,江苏省,106,97,120
1181020200371 ,女,汉族,江苏省,117,97,110
1181020200372 ,女,汉族,江苏省,111,105,114
1181020200373 ,女,汉族,江苏省,127,91,106
1181020200374 ,女,汉族,江苏省,117,95,108
1181020200375 ,女,汉族,江苏省,102,99,120
1181020200376 ,女,汉族,江苏省,110,95,115
1181020200377 ,男,汉族,江苏省,103,104,121
1181020200378 ,女,汉族,江苏省,117,88,117
1181020200379 ,男,汉族,江苏省,118,90,118
1181020200380 ,男,汉族,江苏省,109,89,123
1181020200381 ,女,汉族,江苏省,120,90,109
1181020200382 ,男,汉族,江西省,115,114,112
1181020200383 ,男,汉族,江西省,98,132,123
1181020200384 ,男,汉族,江西省,108,131,123
1181020200385 ,男,汉族,江西省,110,130,115
1181020200386 ,男,汉族,江西省,112,115,115
1181020200387 ,女,汉族,江西省,117,131,101
1181020200388 ,男,汉族,江西省,108,117,137
1181020200389 ,男,汉族,江西省,98,99,134
1181020200390 ,女,汉族,江西省,108,120,125
1181020200391 ,男,汉族,江西省,103,132,122
1181020200392 ,男,汉族,江西省,117,120,122
1181020200393 ,男,汉族,江西省,107,114,120
1181020200394 ,女,汉族,江西省,108,128,127
1181020200395 ,女,汉族,江西省,108,122,120
1181020200396 ,男,汉族,江西省,99,125,125
1181020200397 ,男,汉族,江西省,102,122,126
1181020200398 ,女,回族,宁夏回族自治区,107,108,86
1181020200399 ,女,汉族,宁夏回族自治区,93,117,104
1181020200400 ,女,回族,宁夏回族自治区,113,113,79
1181020200401 ,男,汉族,宁夏回族自治区,104,97,102
1181020200402 ,男,汉族,宁夏回族自治区,121,135,83
1181020200403 ,女,回族,宁夏回族自治区,114,86,72
1181020200404 ,男,汉族,宁夏回族自治区,106,84,96
1181020200405 ,女,回族,宁夏回族自治区,101,103,81
1181020200406 ,男,汉族,重庆市,,,
1181020200407 ,女,汉族,重庆市,,,
1181020200408 ,男,汉族,重庆市,,,
1181020200409 ,男,汉族,重庆市,,,
1181020200410 ,女,汉族,重庆市,,,
1181020200411 ,男,汉族,重庆市,,,
1181020200412 ,男,汉族,重庆市,,,
1181020200413 ,女,汉族,重庆市,,,
1181020200414 ,男,汉族,重庆市,,,
1181020200415 ,女,汉族,重庆市,,,
1181020200416 ,男,汉族,重庆市,,,
1181020200417 ,女,汉族,重庆市,,,
1181020200418 ,女,汉族,重庆市,,,
1181020200419 ,男,汉族,重庆市,,,
1181020200420 ,男,汉族,重庆市,,,
1181020200421 ,男,土家族,重庆市,,,
1181020200422 ,女,苗族,重庆市,,,
1181020200423 ,女,彝族,云南省,125,112,129
1181020200424 ,男,汉族,云南省,112,117,120
1181020200425 ,女,汉族,云南省,108,132,120
1181020200426 ,女,汉族,云南省,111,121,130
1181020200427 ,女,汉族,云南省,109,115,109
1181020200428 ,女,汉族,云南省,121,120,100
1181020200429 ,男,汉族,云南省,118,93,107
1181020200430 ,女,汉族,云南省,123,123,119
1181020200431 ,男,汉族,云南省,116,137,114
1181020200432 ,女,汉族,云南省,118,133,115
1181020200433 ,女,汉族,云南省,116,129,101
1181020200434 ,女,汉族,云南省,106,120,126
1181020200435 ,女,汉族,云南省,123,128,104
1181020200436 ,男,汉族,云南省,114,124,103
1181020200437 ,女,汉族,云南省,104,125,107
1181020200438 ,男,汉族,云南省,113,106,115
1181020200439 ,女,汉族,云南省,112,128,122
1181020200440 ,男,汉族,云南省,110,119,118
1181020200441 ,男,汉族,云南省,110,114,121
1181020200442 ,男,彝族,云南省,117,117,110
1181020200443 ,男,汉族,云南省,110,113,110
1181020200444 ,女,汉族,云南省,107,126,111
1181020200445 ,女,汉族,云南省,120,125,118
1181020200446 ,女,汉族,云南省,120,119,105
1181020200447 ,女,白族,云南省,118,132,97
1181020200448 ,女,汉族,安徽省,107,117,124
1181020200449 ,男,汉族,安徽省,116,127,118
1181020200450 ,女,汉族,安徽省,112,120,113
1181020200451 ,男,汉族,安徽省,108,124,114
1181020200452 ,女,汉族,安徽省,115,112,106
1181020200453 ,女,汉族,安徽省,123,121,108
1181020200454 ,女,汉族,安徽省,121,114,123
1181020200455 ,女,汉族,安徽省,101,115,121
1181020200456 ,男,汉族,安徽省,117,113,127
1181020200457 ,女,汉族,安徽省,118,128,126
1181020200458 ,男,汉族,安徽省,118,117,102
1181020200459 ,男,汉族,安徽省,112,115,111
1181020200460 ,男,汉族,安徽省,114,108,116
1181020200461 ,男,汉族,安徽省,118,112,110
1181020200462 ,男,汉族,安徽省,110,119,116
1181020200463 ,女,汉族,安徽省,119,110,125
1181020200464 ,男,汉族,安徽省,120,112,123
1181020200465 ,女,汉族,安徽省,116,127,115
1181020200466 ,男,土族,青海省,106,100,82
1181020200467 ,男,汉族,青海省,110,131,97
1181020200468 ,男,回族,青海省,98,133,78
1181020200469 ,女,汉族,青海省,109,106,77
1181020200470 ,女,藏族,青海省,106,119,70
1181020200471 ,男,汉族,青海省,89,110,71
1181020200472 ,女,汉族,青海省,83,93,93
1181020200473 ,女,汉族,青海省,100,97,63
1181020200474 ,男,汉族,青海省,112,83,64
1181020200475 ,女,汉族,青海省,119,97,62
1181020200476 ,男,汉族,青海省,96,97,68
1181020200477 ,女,回族,青海省,111,101,43
1181020200478 ,女,汉族,青海省,112,103,72
1181020200479 ,女,汉族,青海省,93,95,75
1181020200480 ,女,汉族,青海省,114,99,40
1181020200481 ,男,回族,青海省,105,73,70
1181020200482 ,女,汉族,青海省,102,95,68
1181020200483 ,女,汉族,青海省,112,97,61
1181020200484 ,女,汉族,青海省,96,100,69
1181020200485 ,女,汉族,青海省,104,118,69
1181020200486 ,男,回族,青海省,101,69,52
1181020200487 ,女,白族,青海省,100,91,73
1181020200488 ,女,汉族,青海省,102,100,61
1181020200489 ,女,汉族,青海省,97,89,84
1181020200490 ,女,汉族,青海省,103,106,50
1181020200491 ,女,汉族,青海省,101,77,80
1181020200492 ,女,汉族,青海省,104,116,83
1181020200493 ,男,汉族,青海省,107,63,67
1181020200494 ,男,汉族,青海省,94,106,50
1181020200495 ,女,土族,青海省,89,89,60
1181020200496 ,男,汉族,青海省,99,53,87
1181020200497 ,女,汉族,青海省,102,95,58
1181020200498 ,女,汉族,青海省,102,81,70
1181020200499 ,女,汉族,青海省,98,82,68
1181020200500 ,男,藏族,青海省,105,67,62
1181020200501 ,女,汉族,青海省,104,90,64
1181020200502 ,女,汉族,青海省,105,86,67
1181020200503 ,男,回族,青海省,107,58,75
1181020200504 ,女,汉族,青海省,120,97,59
1181020200505 ,女,汉族,青海省,99,85,79
1181020200506 ,女,藏族,青海省,88,78,51
1181020200507 ,女,汉族,青海省,105,105,75
1181020200508 ,男,汉族,青海省,103,82,52
1181020200509 ,女,汉族,青海省,106,96,43
1181020200510 ,男,汉族,青海省,100,69,60
1181020200511 ,男,汉族,天津市,119,117,134
1181020200512 ,男,汉族,天津市,97,112,127
1181020200513 ,男,汉族,天津市,105,109,130
1181020200514 ,男,汉族,天津市,113,118,125
1181020200515 ,男,汉族,天津市,113,116,114
1181020200516 ,男,汉族,天津市,105,133,119
1181020200517 ,男,汉族,天津市,104,110,125
1181020200518 ,女,汉族,天津市,118,119,113
1181020200519 ,女,汉族,天津市,106,117,124
1181020200520 ,女,汉族,天津市,102,105,125
1181020200521 ,女,汉族,天津市,109,101,117
1181020200522 ,女,汉族,天津市,102,88,123
1181020200523 ,女,汉族,天津市,104,92,128
1181020200524 ,男,汉族,天津市,104,126,88
1181020200525 ,女,汉族,天津市,114,99,113
1181020200526 ,女,汉族,山东省,108,122,113
1181020200527 ,男,汉族,山东省,113,115,114
1181020200528 ,男,汉族,山东省,105,113,103
1181020200529 ,男,汉族,山东省,102,117,94
1181020200530 ,男,汉族,山东省,98,109,106
1181020200531 ,男,汉族,山东省,103,109,119
1181020200532 ,女,汉族,山东省,107,115,119
1181020200533 ,女,汉族,山东省,109,116,119
1181020200534 ,男,汉族,山东省,112,120,108
1181020200535 ,男,汉族,山东省,116,113,106
1181020200536 ,女,汉族,山东省,109,131,105
1181020200537 ,女,汉族,山东省,100,116,106
1181020200538 ,女,汉族,山东省,101,116,109
1181020200539 ,女,汉族,山东省,106,131,91
1181020200540 ,男,汉族,山东省,107,111,115
1181020200541 ,女,汉族,山东省,100,122,108
1181020200542 ,女,汉族,河北省,116,125,125
1181020200543 ,女,汉族,河北省,117,138,119
1181020200544 ,男,汉族,河北省,113,116,124
1181020200545 ,女,汉族,河北省,120,128,115
1181020200546 ,男,汉族,河北省,117,117,99
1181020200547 ,男,汉族,河北省,106,77,131
1181020200548 ,女,汉族,河北省,114,131,122
1181020200549 ,男,汉族,河北省,113,98,116
1181020200550 ,男,汉族,河北省,108,128,113
1181020200551 ,女,汉族,河北省,117,121,109
1181020200552 ,女,汉族,河北省,110,132,110
1181020200553 ,女,汉族,河北省,117,114,119
1181020200554 ,男,汉族,河北省,104,108,124
1181020200555 ,女,汉族,河北省,116,123,100
1181020200556 ,女,汉族,河北省,124,119,106
1181020200557 ,女,汉族,河北省,110,112,121
1181020200558 ,女,汉族,河北省,115,115,105
1181020200559 ,女,汉族,河北省,118,103,110
1181020200560 ,女,汉族,河北省,112,120,119
1181020200561 ,女,汉族,河北省,119,123,100
1181020200562 ,女,汉族,河北省,117,127,117
1181020200563 ,女,蒙古族,河北省,114,125,98
1181020200564 ,女,汉族,河北省,113,107,125
1181020200565 ,男,满族,河北省,113,100,125
1181020200566 ,男,汉族,河北省,116,112,89
1181020200567 ,女,汉族,河北省,110,105,112
1181020200568 ,男,汉族,河北省,116,112,102
1181020200569 ,男,汉族,河北省,105,110,126
1181020200570 ,女,汉族,河北省,117,127,106
1181020200571 ,男,汉族,河北省,117,90,110
1181020200572 ,女,汉族,河北省,113,124,111
1181020200573 ,女,汉族,河北省,115,108,111
1181020200574 ,男,汉族,河北省,109,108,99
1181020200575 ,男,汉族,河北省,105,117,89
1181020200576 ,女,汉族,河北省,112,108,112
1181020200577 ,男,汉族,河北省,105,117,115
1181020200578 ,男,汉族,河北省,99,111,99
1181020200579 ,男,汉族,河北省,119,114,116
1181020200580 ,女,汉族,河北省,118,118,111
1181020200581 ,男,汉族,河北省,118,108,100
1181020200582 ,女,汉族,河北省,111,129,116
1181020200583 ,女,汉族,河北省,117,129,114
1181020200584 ,女,汉族,河北省,118,132,113
1181020200585 ,女,汉族,河北省,112,112,121
1181020200586 ,女,汉族,河北省,119,99,122
1181020200587 ,女,汉族,辽宁省,110,120,94
1181020200588 ,女,汉族,辽宁省,111,108,102
1181020200589 ,女,满族,辽宁省,113,106,86
1181020200590 ,女,汉族,辽宁省,114,113,85
1181020200591 ,女,汉族,辽宁省,116,123,104
1181020200592 ,女,汉族,辽宁省,110,126,100
1181020200593 ,男,汉族,辽宁省,102,107,108
1181020200594 ,男,汉族,辽宁省,117,119,85
1181020200595 ,男,汉族,辽宁省,100,88,122
1181020200596 ,男,汉族,辽宁省,102,79,118
1181020200597 ,男,汉族,辽宁省,112,119,72
1181020200598 ,女,满族,辽宁省,110,111,92
1181020200599 ,女,汉族,辽宁省,109,114,96
1181020200600 ,女,满族,辽宁省,117,106,93
1181020200601 ,女,汉族,辽宁省,122,109,81
1181020200602 ,男,汉族,辽宁省,115,113,98
1181020200603 ,男,汉族,辽宁省,87,86,96
1181020200604 ,男,满族,辽宁省,102,108,91
1181020200605 ,女,汉族,辽宁省,109,96,100
1181020200606 ,女,满族,辽宁省,121,121,77
1181020200607 ,女,汉族,辽宁省,102,136,98
1181020200608 ,女,汉族,辽宁省,116,92,88
1181020200609 ,女,汉族,辽宁省,96,112,82
1181020200610 ,女,汉族,辽宁省,109,115,96
1181020200611 ,男,满族,辽宁省,93,105,88
1181020200612 ,女,汉族,广东省,117,134,110
1181020200613 ,女,汉族,广东省,125,110,93
1181020200614 ,女,汉族,广东省,125,120,87
1181020200615 ,女,汉族,广东省,119,102,113
1181020200616 ,男,汉族,广东省,106,92,109
1181020200617 ,男,汉族,广东省,113,121,106
1181020200618 ,男,汉族,广东省,105,106,116
1181020200619 ,女,汉族,广东省,113,115,104
1181020200620 ,男,汉族,广东省,99,105,120
1181020200621 ,男,汉族,广东省,114,113,96
1181020200622 ,男,汉族,广东省,109,101,111
1181020200623 ,男,汉族,广东省,109,109,111
1181020200624 ,男,汉族,广东省,102,103,122
1181020200625 ,女,汉族,广东省,121,123,110
1181020200626 ,男,汉族,广东省,105,110,104
1181020200627 ,男,汉族,广东省,112,107,91
1181020200628 ,女,汉族,广东省,108,115,106
1181020200629 ,男,汉族,广东省,101,104,121
1181020200630 ,女,汉族,广东省,120,102,104
1181020200631 ,男,汉族,广东省,108,120,116
1181020200632 ,男,汉族,广东省,102,107,122
1181020200633 ,女,汉族,广东省,117,121,108
1181020200634 ,女,汉族,广东省,116,126,92
1181020200635 ,女,汉族,广东省,117,113,105
1181020200636 ,男,汉族,广东省,106,116,97
1181020200637 ,女,穿青人,贵州省,105,126,107
1181020200638 ,女,汉族,贵州省,108,120,100
1181020200639 ,女,土家族,贵州省,109,100,85
1181020200640 ,男,汉族,贵州省,105,131,90
1181020200641 ,男,汉族,贵州省,109,113,90
1181020200642 ,女,汉族,贵州省,115,123,103
1181020200643 ,男,土家族,贵州省,94,86,103
1181020200644 ,女,汉族,贵州省,102,124,111
1181020200645 ,女,汉族,贵州省,107,129,98
1181020200646 ,女,布依族,贵州省,119,115,97
1181020200647 ,女,土家族,贵州省,100,110,106
1181020200648 ,男,汉族,贵州省,112,106,90
1181020200649 ,女,汉族,贵州省,110,112,114
1181020200650 ,男,汉族,贵州省,99,110,98
1181020200651 ,女,汉族,贵州省,114,92,104
1181020200652 ,女,汉族,贵州省,117,131,97
1181020200653 ,男,汉族,贵州省,103,98,95
1181020200654 ,女,侗族,贵州省,106,111,92
1181020200655 ,女,汉族,贵州省,117,105,84
1181020200656 ,女,布依族,贵州省,103,82,110
1181020200657 ,女,汉族,贵州省,112,111,84
1181020200658 ,男,汉族,贵州省,111,123,77
1181020200659 ,男,仡佬族,贵州省,100,97,113
1181020200660 ,男,汉族,贵州省,112,98,112
1181020200661 ,女,汉族,贵州省,121,114,106
1181020200662 ,女,汉族,贵州省,110,110,105
1181020200663 ,男,苗族,贵州省,118,66,102
1181020200664 ,女,侗族,贵州省,121,113,81
1181020200665 ,女,汉族,贵州省,104,113,101
1181020200666 ,男,侗族,贵州省,106,93,93
1181020200667 ,男,汉族,贵州省,103,101,91
1181020200668 ,女,汉族,贵州省,109,103,99
1181020200669 ,女,汉族,贵州省,110,128,94
1181020200670 ,女,汉族,贵州省,101,104,106
1181020200671 ,女,仡佬族,贵州省,113,109,82
1181020200672 ,女,汉族,贵州省,110,108,102
1181020200673 ,男,汉族,贵州省,110,75,82
1181020200674 ,女,汉族,贵州省,106,121,91
1181020200675 ,女,汉族,贵州省,116,105,93
1181020200676 ,女,苗族,贵州省,112,91,95
1181020200677 ,男,汉族,贵州省,104,106,108
1181020200678 ,男,汉族,贵州省,107,101,85
1181020200679 ,男,布依族,贵州省,100,117,102
1181020200680 ,女,汉族,贵州省,116,112,103
1181020200681 ,男,布依族,贵州省,110,89,115
1181020200682 ,女,汉族,贵州省,102,111,92
1181020200683 ,男,土家族,贵州省,103,123,101
1181020200684 ,女,汉族,贵州省,96,120,94
1181020200685 ,男,苗族,贵州省,105,85,103
1181020200686 ,女,汉族,贵州省,115,130,85
1181020200687 ,女,汉族,贵州省,94,101,99
1181020200688 ,女,汉族,贵州省,113,112,90
1181020200689 ,男,汉族,贵州省,106,86,98
1181020200690 ,男,汉族,贵州省,108,82,109
1181020200691 ,女,汉族,贵州省,103,115,82
1181020200692 ,男,汉族,贵州省,110,126,64
1181020200693 ,女,苗族,贵州省,110,123,94
1181020200694 ,男,土家族,贵州省,107,86,101
1181020200695 ,男,壮族,贵州省,110,119,89
1181020200696 ,男,汉族,贵州省,121,129,101
1181020200697 ,男,土家族,贵州省,105,101,112
1181020200698 ,女,苗族,贵州省,120,80,113
1181020200699 ,女,苗族,贵州省,109,126,95
1181020200700 ,女,穿青人,贵州省,112,116,105
1181020200701 ,女,汉族,甘肃省,113,120,84
1181020200702 ,女,汉族,甘肃省,114,111,106
1181020200703 ,女,汉族,甘肃省,114,123,91
1181020200704 ,女,汉族,甘肃省,117,99,110
1181020200705 ,女,汉族,甘肃省,104,107,94
1181020200706 ,男,汉族,甘肃省,89,99,108
1181020200707 ,男,汉族,甘肃省,114,86,87
1181020200708 ,女,汉族,甘肃省,115,94,86
1181020200709 ,女,汉族,甘肃省,98,106,109
1181020200710 ,女,汉族,甘肃省,113,111,110
1181020200711 ,男,汉族,甘肃省,112,114,100
1181020200712 ,男,汉族,甘肃省,89,116,99
1181020200713 ,男,汉族,甘肃省,99,104,84
1181020200714 ,男,汉族,甘肃省,111,113,102
1181020200715 ,男,汉族,甘肃省,104,110,88
1181020200716 ,男,汉族,甘肃省,117,108,74
1181020200717 ,女,汉族,甘肃省,99,118,109
1181020200718 ,男,汉族,甘肃省,97,93,102
1181020200719 ,女,汉族,甘肃省,104,115,94
1181020200720 ,女,汉族,湖南省,118,122,117
1181020200721 ,女,汉族,湖南省,106,134,120
1181020200722 ,女,汉族,湖南省,115,103,127
1181020200723 ,女,汉族,湖南省,114,119,107
1181020200724 ,男,汉族,湖南省,120,103,121
1181020200725 ,女,汉族,湖南省,108,113,123
1181020200726 ,男,汉族,湖南省,115,132,111
1181020200727 ,男,汉族,湖南省,110,123,114
1181020200728 ,男,汉族,湖南省,117,99,112
1181020200729 ,女,汉族,湖南省,115,131,110
1181020200730 ,女,汉族,湖南省,109,130,111
1181020200731 ,男,土家族,湖南省,107,101,121
1181020200732 ,男,汉族,湖南省,110,115,97
1181020200733 ,男,汉族,湖南省,110,123,111
1181020200734 ,女,汉族,湖南省,106,103,125
1181020200735 ,男,汉族,湖南省,103,112,127
1181020200736 ,男,汉族,湖南省,110,111,106
1181020200737 ,男,土家族,湖南省,113,119,115
1181020200738 ,男,汉族,湖南省,113,114,100
1181020200739 ,男,汉族,湖南省,112,123,109
1181020200740 ,男,苗族,湖南省,106,119,115
1181020200741 ,女,汉族,湖南省,113,112,113
1181020200742 ,男,汉族,湖南省,119,116,103
1181020200743 ,女,汉族,湖南省,115,133,124
1181020200744 ,男,汉族,湖南省,107,133,106
1181020200745 ,女,汉族,湖南省,116,117,120
1181020200746 ,女,汉族,湖南省,114,119,110
1181020200747 ,男,汉族,湖南省,104,112,122
1181020200748 ,男,汉族,湖南省,103,127,103
1181020200749 ,男,汉族,湖南省,102,129,105
1181020200750 ,男,汉族,湖南省,102,138,104
1181020200751 ,女,汉族,湖南省,117,106,120
1181020200752 ,女,汉族,湖南省,112,122,117
1181020200753 ,男,汉族,湖南省,108,119,121
1181020200754 ,男,汉族,湖南省,105,105,117
1181020200755 ,女,汉族,湖南省,104,134,95
1181020200756 ,男,土家族,湖南省,99,112,109
1181020200757 ,男,汉族,湖南省,98,131,118
1181020200758 ,男,汉族,湖南省,98,118,111
1181020200759 ,女,汉族,湖南省,118,95,122
1181020200760 ,男,侗族,湖南省,114,115,119
1181020200761 ,男,汉族,湖南省,114,103,109
1181020200762 ,男,汉族,湖南省,107,112,111
1181020200763 ,男,汉族,湖南省,101,108,124
1181020200764 ,男,汉族,湖南省,100,112,121
1181020200765 ,男,汉族,湖南省,117,109,97
1181020200766 ,女,汉族,湖南省,116,130,117
1181020200767 ,男,汉族,湖南省,113,117,96
1181020200768 ,男,汉族,湖南省,107,132,87
1181020200769 ,女,汉族,湖南省,100,108,127
1181020200770 ,男,汉族,湖南省,120,101,126
1181020200771 ,男,汉族,湖南省,120,101,119
1181020200772 ,男,汉族,湖南省,116,100,110
1181020200773 ,女,汉族,湖南省,116,134,102
1181020200774 ,男,瑶族,湖南省,112,107,98
1181020200775 ,男,汉族,湖南省,109,105,126
1181020200776 ,男,汉族,湖南省,105,121,98
1181020200777 ,男,汉族,湖南省,103,119,116
1181020200778 ,男,汉族,湖南省,112,107,98
1181020200779 ,男,汉族,湖南省,108,104,114
1181020200780 ,男,汉族,湖南省,104,116,114
1181020200781 ,男,汉族,湖南省,116,127,105
1181020200782 ,男,汉族,湖南省,115,94,119
1181020200783 ,男,汉族,湖南省,108,124,106
1181020200784 ,女,汉族,贵州省,110,123,114
1181020200785 ,男,汉族,贵州省,114,105,120
1181020200786 ,男,侗族,贵州省,108,116,96
1181020200787 ,女,侗族,贵州省,102,113,103
1181020200788 ,男,汉族,贵州省,96,110,102
1181020200789 ,女,布依族,贵州省,99,82,111
1181020200790 ,女,汉族,海南省,223,221,230
1181020200791 ,男,汉族,海南省,228,203,239
1181020200792 ,男,汉族,海南省,217,194,219
1181020200793 ,女,汉族,海南省,223,239,196
1181020200794 ,男,汉族,海南省,219,210,235
1181020200795 ,女,汉族,海南省,221,213,240
1181020200796 ,男,黎族,海南省,233,217,204
1181020200797 ,男,汉族,海南省,219,212,216
1181020200798 ,男,汉族,海南省,215,222,220
1181020200799 ,女,汉族,海南省,237,205,195
1181020200800 ,女,汉族,海南省,245,216,204
1181020200801 ,男,汉族,海南省,193,202,239
1181020200802 ,男,汉族,海南省,185,226,226
1181020200803 ,女,汉族,海南省,219,213,205
1181020200804 ,女,汉族,海南省,209,221,221
1181020200805 ,男,汉族,海南省,226,228,205
1181020200806 ,男,汉族,海南省,195,199,235
1181020200807 ,女,汉族,海南省,237,216,199
1181020200808 ,女,汉族,海南省,240,206,208
1181020200809 ,女,黎族,海南省,197,196,211
1181020200810 ,男,汉族,海南省,219,209,218
1181020200811 ,男,汉族,海南省,211,217,239
1181020200812 ,女,汉族,海南省,219,190,231
1181020200813 ,男,汉族,海南省,179,206,229
1181020200814 ,女,汉族,海南省,217,208,224
1181020200815 ,女,汉族,海南省,223,228,214
1181020200816 ,男,汉族,海南省,219,190,199
1181020200817 ,女,壮族,海南省,226,210,209
1181020200818 ,女,汉族,海南省,209,213,217
1181020200819 ,男,汉族,海南省,176,217,213
1181020200820 ,男,汉族,海南省,207,215,209
1181020200821 ,男,汉族,海南省,223,224,199
1181020200822 ,男,汉族,海南省,213,211,205
1181020200823 ,男,汉族,海南省,205,202,234
1181020200824 ,女,汉族,海南省,226,216,205
1181020200825 ,男,汉族,海南省,209,218,204
1181020200826 ,女,汉族,海南省,209,202,212
1181020200827 ,男,黎族,海南省,183,213,229
1181020200828 ,男,汉族,海南省,193,225,230
1181020200829 ,女,汉族,海南省,217,226,214
1181020200830 ,男,汉族,海南省,207,218,213
1181020200831 ,女,汉族,海南省,199,217,227
1181020200832 ,女,汉族,海南省,219,217,223
1181020200833 ,女,汉族,海南省,203,217,201
1181020200834 ,女,汉族,海南省,226,216,201
1181020200835 ,女,汉族,海南省,201,220,200
1181020200836 ,男,汉族,海南省,199,209,204
1181020200837 ,女,汉族,海南省,207,231,209
1181020200838 ,女,汉族,海南省,223,201,215
1181020200839 ,男,汉族,海南省,207,203,219
1181020200840 ,男,汉族,海南省,228,204,191
1181020200841 ,女,汉族,海南省,185,215,234
1181020200842 ,女,汉族,海南省,237,202,202
1181020200843 ,女,汉族,海南省,217,227,195
1181020200844 ,女,汉族,海南省,226,204,205
1181020200845 ,女,汉族,海南省,223,216,202
1181020200846 ,男,汉族,海南省,195,213,210
1181020200847 ,女,汉族,海南省,245,201,191
1181020200848 ,男,汉族,海南省,189,180,230
1181020200849 ,男,汉族,海南省,221,151,211
1181020200850 ,女,汉族,海南省,207,215,224
1181020200851 ,男,黎族,海南省,178,212,209
1181020200852 ,男,汉族,海南省,201,216,215
1181020200853 ,女,汉族,海南省,205,209,205
1181020200854 ,男,汉族,海南省,185,189,228
1181020200855 ,男,汉族,海南省,199,225,215
1181020200856 ,女,黎族,海南省,209,209,214
1181020200857 ,女,汉族,海南省,183,209,227
1181020200858 ,女,汉族,海南省,213,209,209
1181020200859 ,女,汉族,海南省,245,203,203
1181020200860 ,男,汉族,海南省,211,217,207
1181020200861 ,男,汉族,海南省,211,218,191
1181020200862 ,女,汉族,海南省,223,196,177
1181020200863 ,女,汉族,海南省,219,183,214
1181020200864 ,女,汉族,海南省,195,220,191
1181020200865 ,男,汉族,海南省,209,214,206
1181020200866 ,女,汉族,海南省,211,210,201
1181020200867 ,女,汉族,海南省,211,200,197
1181020200868 ,男,汉族,海南省,205,194,198
1181020200869 ,男,汉族,海南省,213,244,192
1181020200870 ,女,汉族,海南省,201,220,209
1181020200871 ,男,汉族,海南省,230,187,216
1181020200872 ,女,汉族,海南省,195,217,214
1181020200873 ,女,汉族,海南省,179,218,205
1181020200874 ,女,汉族,海南省,205,212,201
1181020200875 ,男,汉族,海南省,174,195,200
1181020200876 ,女,汉族,海南省,203,203,205
1181020200877 ,女,汉族,海南省,228,194,188
1181020200878 ,男,汉族,海南省,209,188,229
1181020200879 ,女,黎族,海南省,205,200,199
1181020200880 ,女,回族,海南省,228,236,192
1181020200881 ,男,汉族,海南省,219,184,211
1181020200882 ,女,汉族,海南省,207,199,203
1181020200883 ,女,汉族,海南省,211,193,196
1181020200884 ,女,汉族,海南省,185,202,208
1181020200885 ,女,汉族,海南省,211,231,192
1181020200886 ,女,汉族,海南省,219,209,198
1181020200887 ,男,汉族,海南省,179,203,210
1181020200888 ,女,汉族,海南省,203,200,228
1181020200889 ,女,黎族,海南省,197,199,208
1181020200890 ,男,汉族,海南省,168,229,209
1181020200891 ,男,汉族,海南省,183,204,213
1181020200892 ,男,汉族,海南省,189,201,221
1181020200893 ,男,黎族,海南省,213,201,212
1181020200894 ,女,汉族,海南省,211,215,192
1181020200895 ,女,汉族,海南省,201,202,205
1181020200896 ,女,汉族,海南省,211,208,209
1181020200897 ,男,汉族,海南省,209,191,217
1181020200898 ,男,汉族,海南省,203,194,202
1181020200899 ,男,汉族,海南省,193,203,215
1181020200900 ,男,汉族,海南省,201,216,192
1181020200901 ,男,汉族,海南省,197,195,203
1181020200902 ,男,黎族,海南省,211,190,209
1181020200903 ,女,黎族,海南省,211,223,189
1181020200904 ,男,汉族,海南省,211,193,220
1181020200905 ,女,汉族,海南省,209,220,195
1181020200906 ,女,汉族,海南省,178,194,221
1181020200907 ,女,汉族,海南省,191,204,219
1181020200908 ,男,汉族,海南省,213,194,188
1181020200909 ,女,汉族,海南省,203,198,208
1181020200910 ,男,汉族,海南省,211,188,227
1181020200911 ,男,汉族,海南省,203,188,205
1181020200912 ,女,黎族,海南省,205,205,214
1181020200913 ,女,汉族,海南省,187,208,220
1181020200914 ,男,汉族,海南省,215,190,184
1181020200915 ,女,汉族,海南省,189,209,191
1181020200916 ,女,汉族,海南省,209,198,206
1181020200917 ,男,汉族,海南省,205,186,196
1181020200918 ,女,汉族,海南省,201,222,215
1181020200919 ,女,汉族,海南省,242,197,178
1181020200920 ,女,汉族,海南省,207,214,189
1181020200921 ,男,汉族,海南省,189,200,220
1181020200922 ,男,汉族,海南省,215,178,215
1181020200923 ,女,汉族,海南省,207,211,197
1181020200924 ,男,汉族,海南省,219,174,203
1181020200925 ,男,汉族,海南省,197,170,218
1181020200926 ,男,汉族,海南省,195,191,208
1181020200927 ,男,汉族,海南省,221,200,205
1181020200928 ,女,汉族,海南省,199,200,204
1181020200929 ,男,汉族,海南省,226,190,198
1181020200930 ,女,汉族,海南省,205,202,209
1181020200931 ,女,汉族,海南省,209,214,206
1181020200932 ,女,汉族,海南省,205,209,201
1181020200933 ,男,汉族,海南省,199,208,225
1181020200934 ,女,汉族,海南省,203,212,192
1181020200935 ,女,汉族,海南省,209,210,172
1181020200936 ,女,汉族,海南省,203,218,201
1181020200937 ,男,汉族,海南省,187,186,221
1181020200938 ,女,汉族,海南省,235,191,201
1181020200939 ,女,汉族,海南省,207,197,209
1181020200940 ,女,汉族,海南省,197,198,212
1181020200941 ,女,汉族,海南省,205,210,195
1181020200942 ,男,黎族,海南省,203,214,202
1181020200943 ,男,汉族,海南省,199,199,195
1181020200944 ,女,汉族,海南省,207,194,181
1181020200945 ,女,汉族,海南省,209,204,197
1181020200946 ,女,汉族,海南省,217,201,199
1181020200947 ,男,汉族,海南省,195,193,194
1181020200948 ,女,黎族,海南省,209,219,189
1181020200949 ,男,汉族,海南省,219,201,178
1181020200950 ,女,汉族,海南省,195,205,187
1181020200951 ,女,汉族,海南省,195,199,208
1181020200952 ,男,黎族,海南省,203,187,195
1181020200953 ,女,汉族,海南省,211,202,187
1181020200954 ,女,汉族,海南省,230,198,197
1181020200955 ,女,汉族,海南省,166,224,209
1181020200956 ,女,汉族,海南省,209,199,180
1181020200957 ,男,汉族,海南省,221,198,197
1181020200958 ,女,汉族,海南省,195,193,221
1181020200959 ,男,汉族,海南省,201,209,189
1181020200960 ,女,汉族,海南省,205,198,199
1181020200961 ,女,汉族,海南省,207,202,186
1181020200962 ,女,汉族,海南省,226,198,191
1181020200963 ,男,汉族,海南省,195,198,194
1181020200964 ,女,汉族,海南省,211,195,194
1181020200965 ,女,黎族,海南省,201,195,203
1181020200966 ,女,汉族,海南省,203,203,196
1181020200967 ,男,黎族,海南省,207,168,201
1181020200968 ,女,汉族,海南省,215,204,179
1181020200969 ,女,汉族,海南省,203,190,211
1181020200970 ,男,汉族,海南省,170,209,199
1181020200971 ,女,汉族,海南省,178,193,208
1181020200972 ,女,黎族,海南省,205,203,188
1181020200973 ,女,汉族,海南省,219,203,186
1181020200974 ,女,汉族,海南省,191,200,203
1181020200975 ,女,汉族,海南省,199,217,209
1181020200976 ,男,汉族,海南省,185,196,230
1181020200977 ,女,黎族,海南省,195,199,194
1181020200978 ,女,汉族,海南省,226,193,192
1181020200979 ,男,汉族,海南省,193,164,198
1181020200980 ,女,汉族,海南省,215,203,199
1181020200981 ,女,汉族,海南省,205,199,183
1181020200982 ,男,汉族,海南省,211,217,184
1181020200983 ,女,汉族,海南省,217,199,194
1181020200984 ,女,汉族,海南省,199,213,193
1181020200985 ,女,汉族,海南省,191,215,197
1181020200986 ,女,汉族,海南省,219,201,191
1181020200987 ,男,汉族,海南省,181,209,188
1181020200988 ,女,汉族,海南省,189,221,196
1181020200989 ,女,汉族,海南省,176,207,196
1181020200990 ,男,汉族,海南省,207,203,193
1181020200991 ,女,汉族,海南省,195,190,234
1181020200992 ,男,汉族,海南省,193,218,209
1181020200993 ,女,汉族,海南省,199,186,212
1181020200994 ,女,汉族,海南省,203,195,197
1181020200995 ,女,汉族,海南省,191,212,179
1181020200996 ,男,汉族,海南省,221,190,199
1181020200997 ,男,汉族,海南省,193,187,225
1181020200998 ,女,汉族,海南省,197,202,201
1181020200999 ,女,汉族,海南省,187,205,212
1181020201000 ,女,汉族,海南省,195,193,184
1181020201001 ,女,汉族,海南省,205,201,201
1181020201002 ,女,汉族,海南省,207,184,201
1181020201003 ,女,汉族,海南省,181,205,219
1181020201004 ,女,汉族,海南省,221,191,198
1181020201005 ,女,汉族,海南省,209,205,184
1181020201006 ,女,汉族,海南省,215,200,192
1181020201007 ,女,汉族,海南省,205,206,204
1181020201008 ,女,汉族,海南省,199,215,212
1181020201009 ,女,汉族,海南省,221,213,188
1181020201010 ,女,汉族,海南省,201,211,200
1181020201011 ,女,汉族,海南省,223,190,182
1181020201012 ,女,汉族,海南省,223,184,202
1181020201013 ,男,汉族,海南省,207,195,206
1181020201014 ,女,汉族,海南省,205,205,188
1181020201015 ,男,汉族,海南省,207,198,188
1181020201016 ,女,汉族,海南省,191,213,188
1181020201017 ,男,黎族,海南省,217,186,188
1181020201018 ,女,汉族,海南省,189,210,205
1181020201019 ,女,汉族,海南省,193,197,220
1181020201020 ,女,汉族,海南省,199,205,208
1181020201021 ,女,汉族,海南省,205,229,195
1181020201022 ,男,汉族,海南省,183,181,201
1181020201023 ,女,汉族,海南省,228,191,201
1181020201024 ,女,汉族,海南省,193,198,211
1181020201025 ,男,汉族,海南省,213,212,198
1181020201026 ,女,汉族,海南省,211,194,189
1181020201027 ,女,汉族,海南省,195,187,205
1181020201028 ,女,黎族,海南省,215,204,188
1181020201029 ,女,汉族,海南省,187,191,205
1181020201030 ,男,汉族,海南省,207,170,201
1181020201031 ,男,汉族,海南省,179,202,198
1181020201032 ,男,汉族,海南省,203,200,203
1181020201033 ,女,汉族,海南省,233,201,181
1181020201034 ,女,汉族,海南省,193,209,202
1181020201035 ,女,汉族,海南省,213,231,174
1181020201036 ,女,黎族,海南省,215,195,212
1181020201037 ,男,黎族,海南省,201,166,205
1181020201038 ,女,汉族,海南省,219,181,195
1181020201039 ,女,汉族,海南省,187,203,206
1181020201040 ,女,汉族,海南省,189,195,191
1181020201041 ,男,汉族,海南省,201,176,203
1181020201042 ,女,汉族,海南省,201,192,191
1181020201043 ,女,汉族,海南省,161,207,205
1181020201044 ,男,汉族,海南省,205,200,209
1181020201045 ,女,汉族,海南省,207,201,197
1181020201046 ,女,汉族,海南省,197,191,193
1181020201047 ,女,汉族,海南省,187,200,191
1181020201048 ,女,汉族,海南省,211,214,195
1181020201049 ,女,汉族,海南省,203,213,205
1181020201050 ,女,汉族,海南省,203,194,197
1181020201051 ,女,汉族,海南省,233,183,196
1181020201052 ,女,汉族,海南省,235,212,184
1181020201053 ,男,黎族,海南省,209,176,180
1181020201054 ,女,汉族,海南省,197,200,199
1181020201055 ,男,汉族,海南省,207,196,186
1181020201056 ,女,汉族,海南省,181,212,211
1181020201057 ,女,汉族,海南省,191,182,220
1181020201058 ,女,汉族,海南省,215,186,195
1181020201059 ,女,汉族,海南省,209,205,197
1181020201060 ,女,汉族,海南省,193,199,207
1181020201061 ,女,汉族,海南省,199,195,185
1181020201062 ,男,汉族,海南省,193,198,211
1181020201063 ,男,汉族,海南省,189,190,246
1181020201064 ,女,汉族,海南省,199,206,205
1181020201065 ,女,汉族,海南省,207,186,205
1181020201066 ,女,汉族,海南省,223,193,203
1181020201067 ,女,汉族,海南省,193,194,193
1181020201068 ,男,汉族,海南省,179,193,199
1181020201069 ,男,黎族,海南省,205,178,208
1181020201070 ,女,汉族,海南省,201,200,215
1181020201071 ,男,汉族,海南省,183,204,205
1181020201072 ,女,汉族,海南省,211,203,197
1181020201073 ,女,汉族,海南省,155,210,191
1181020201074 ,男,汉族,海南省,201,192,190
1181020201075 ,女,黎族,海南省,219,182,186
1181020201076 ,男,汉族,海南省,213,162,202
1181020201077 ,女,汉族,海南省,219,180,178
1181020201078 ,女,汉族,海南省,181,201,213
1181020201079 ,女,汉族,海南省,187,207,197
1181020201080 ,女,汉族,海南省,189,191,199
1181020201081 ,女,汉族,海南省,197,187,205
1181020201082 ,女,汉族,海南省,187,207,189
1181020201083 ,女,汉族,海南省,211,194,187
1181020201084 ,女,汉族,海南省,205,201,201
1181020201085 ,女,汉族,海南省,213,206,193
1181020201086 ,女,汉族,海南省,199,205,213
1181020201087 ,男,汉族,海南省,176,196,183
1181020201088 ,女,汉族,海南省,203,195,199
1181020201089 ,男,汉族,海南省,199,174,201
1181020201090 ,女,汉族,海南省,197,190,198
1181020201091 ,女,汉族,海南省,215,177,201
1181020201092 ,男,汉族,海南省,174,190,214
1181020201093 ,男,汉族,海南省,217,195,209
1181020201094 ,女,汉族,海南省,213,202,202
1181020201095 ,女,黎族,海南省,213,183,168
1181020201096 ,女,黎族,海南省,191,194,190
1181020201097 ,男,黎族,海南省,201,201,189
1181020201098 ,女,汉族,海南省,193,202,199
1181020201099 ,女,汉族,海南省,176,213,213
1181020201100 ,女,汉族,海南省,172,196,200
1181020201101 ,女,汉族,海南省,197,182,199
1181020201102 ,女,汉族,海南省,205,222,172
1181020201103 ,女,汉族,海南省,187,202,189
1181020201104 ,男,黎族,海南省,205,191,181
1181020201105 ,女,黎族,海南省,199,205,191
1181020201106 ,男,汉族,海南省,185,190,209
1181020201107 ,男,汉族,海南省,201,192,199
1181020201108 ,女,汉族,海南省,207,208,196
1181020201109 ,女,汉族,海南省,185,191,220
1181020201110 ,女,汉族,海南省,223,211,176
1181020201111 ,男,汉族,海南省,185,174,234
1181020201112 ,女,汉族,海南省,176,188,193
1181020201113 ,女,汉族,海南省,199,200,211
1181020201114 ,男,黎族,海南省,197,160,178
1181020201115 ,女,黎族,海南省,203,199,195
1181020201116 ,女,黎族,海南省,211,209,177
1181020201117 ,男,汉族,海南省,193,168,198
1181020201118 ,女,汉族,海南省,197,188,209
1181020201119 ,男,汉族,海南省,183,197,192
1181020201120 ,女,汉族,海南省,185,227,170
1181020201121 ,女,汉族,海南省,201,191,205
1181020201122 ,女,汉族,海南省,189,195,170
1181020201123 ,男,汉族,海南省,195,193,186
1181020201124 ,女,苗族,海南省,195,183,181
1181020201125 ,女,汉族,海南省,213,198,180
1181020201126 ,女,壮族,海南省,213,205,181
1181020201127 ,男,汉族,海南省,193,182,208
1181020201128 ,男,汉族,海南省,197,177,200
1181020201129 ,男,汉族,海南省,165,191,199
1181020201130 ,男,汉族,海南省,195,206,201
1181020201131 ,女,汉族,海南省,199,174,211
1181020201132 ,男,汉族,海南省,178,199,195
1181020201133 ,女,黎族,海南省,195,211,194
1181020201134 ,女,汉族,海南省,205,198,197
1181020201135 ,女,汉族,海南省,187,217,184
1181020201136 ,男,汉族,海南省,189,180,211
1181020201137 ,男,汉族,海南省,165,151,222
1181020201138 ,男,汉族,海南省,183,177,203
1181020201139 ,女,汉族,海南省,215,183,175
1181020201140 ,女,汉族,海南省,199,196,186
1181020201141 ,男,汉族,海南省,178,200,205
1181020201142 ,女,黎族,海南省,195,171,202
1181020201143 ,男,汉族,海南省,187,202,202
1181020201144 ,男,苗族,海南省,207,197,177
1181020201145 ,男,汉族,海南省,201,201,209
1181020201146 ,男,汉族,海南省,174,203,205
1181020201147 ,女,汉族,海南省,213,213,186
1181020201148 ,男,汉族,海南省,226,195,202
1181020201149 ,男,汉族,海南省,183,172,187
1181020201150 ,男,汉族,海南省,181,179,208
1181020201151 ,男,汉族,海南省,166,203,207
1181020201152 ,女,汉族,海南省,199,208,185
1181020201153 ,女,汉族,海南省,201,186,184
1181020201154 ,女,黎族,海南省,197,203,178
1181020201155 ,女,汉族,海南省,219,188,186
1181020201156 ,女,汉族,海南省,203,186,173
1181020201157 ,女,黎族,海南省,215,185,195
1181020201158 ,女,汉族,海南省,213,203,188
1181020201159 ,男,汉族,海南省,187,174,215
1181020201160 ,女,汉族,海南省,193,180,199
1181020201161 ,女,黎族,海南省,172,215,190
1181020201162 ,男,汉族,海南省,197,162,183
1181020201163 ,男,汉族,海南省,209,203,184
1181020201164 ,男,汉族,海南省,191,191,205
1181020201165 ,男,汉族,海南省,193,194,205
1181020201166 ,男,汉族,海南省,189,184,182
1181020201167 ,男,汉族,海南省,203,191,198
1181020201168 ,女,汉族,海南省,165,198,199
1181020201169 ,女,汉族,海南省,191,207,186
1181020201170 ,女,汉族,海南省,207,205,188
1181020201171 ,男,汉族,海南省,181,192,209
1181020201172 ,女,汉族,海南省,203,190,189
1181020201173 ,女,汉族,海南省,178,208,205
1181020201174 ,女,汉族,海南省,201,162,198
1181020201175 ,女,汉族,海南省,181,190,201
1181020201176 ,女,汉族,海南省,201,211,186
1181020201177 ,女,黎族,海南省,193,186,197
1181020201178 ,女,汉族,海南省,189,202,201
1181020201179 ,女,汉族,海南省,178,213,191
1181020201180 ,男,汉族,海南省,195,172,200
1181020201181 ,女,黎族,海南省,199,198,170
1181020201182 ,女,汉族,海南省,199,206,172
1181020201183 ,女,汉族,海南省,211,181,191
1181020201184 ,女,汉族,海南省,199,208,187
1181020201185 ,女,汉族,海南省,179,215,198
1181020201186 ,女,汉族,海南省,195,198,195
1181020201187 ,女,汉族,海南省,203,196,185
1181020201188 ,女,汉族,海南省,213,210,151
1181020201189 ,女,汉族,海南省,183,213,184
1181020201190 ,女,汉族,海南省,193,190,193
1181020201191 ,男,汉族,海南省,193,188,197
1181020201192 ,女,黎族,海南省,201,192,150
1181020201193 ,男,汉族,海南省,163,181,205
1181020201194 ,男,黎族,海南省,213,143,196
1181020201195 ,男,汉族,海南省,205,176,192
1181020201196 ,女,汉族,海南省,181,190,197
1181020201197 ,男,汉族,海南省,203,196,197
1181020201198 ,女,汉族,海南省,217,183,198
1181020201199 ,女,汉族,海南省,207,178,205
1181020201200 ,女,汉族,海南省,181,202,188
1181020201201 ,女,汉族,海南省,213,206,188
1181020201202 ,女,汉族,海南省,201,193,183
1181020201203 ,女,汉族,海南省,207,194,190
1181020201204 ,女,汉族,海南省,178,192,190
1181020201205 ,男,汉族,海南省,187,174,195
1181020201206 ,女,汉族,海南省,201,186,199
1181020201207 ,男,汉族,海南省,179,184,203
1181020201208 ,女,汉族,海南省,187,192,188
1181020201209 ,女,汉族,海南省,203,191,188
1181020201210 ,女,汉族,海南省,205,208,188
1181020201211 ,女,汉族,海南省,219,203,148
1181020201212 ,女,汉族,海南省,174,172,215
1181020201213 ,男,汉族,海南省,207,160,182
1181020201214 ,女,汉族,海南省,199,210,177
1181020201215 ,男,汉族,海南省,161,155,224
1181020201216 ,男,黎族,海南省,207,191,169
1181020201217 ,男,汉族,海南省,174,208,189
1181020201218 ,男,汉族,海南省,195,198,177
1181020201219 ,男,汉族,海南省,189,196,190
1181020201220 ,男,汉族,海南省,181,184,195
1181020201221 ,女,黎族,海南省,183,200,188
1181020201222 ,男,黎族,海南省,183,170,190
1181020201223 ,男,黎族,海南省,159,196,180
1181020201224 ,女,黎族,海南省,178,193,170
1181020201225 ,女,黎族,海南省,178,187,170
1181020201226 ,女,黎族,海南省,183,181,186
1181020201227 ,男,黎族,海南省,183,166,207
1181020201228 ,女,黎族,海南省,201,176,161
1181020201229 ,女,黎族,海南省,174,186,192
1181020201230 ,女,黎族,海南省,179,192,162
1181020201231 ,男,黎族,海南省,174,180,182
1181020201232 ,女,黎族,海南省,181,199,173
1181020201233 ,女,黎族,海南省,207,171,165
1181020201234 ,男,黎族,海南省,163,180,228
1181020201235 ,女,黎族,海南省,199,179,148
1181020201236 ,女,黎族,海南省,189,187,168
1181020201237 ,男,黎族,海南省,168,195,199
1181020201238 ,男,黎族,海南省,174,192,175
1181020201239 ,女,黎族,海南省,172,194,180
1181020201240 ,男,黎族,海南省,176,200,183
1181020201241 ,女,苗族,海南省,179,148,178
1181020201242 ,女,黎族,海南省,203,184,151
1181020201243 ,女,黎族,海南省,176,186,199
1181020201244 ,女,黎族,海南省,166,188,188
1181020201245 ,女,黎族,海南省,181,190,176
1181020201246 ,女,黎族,海南省,174,190,193
1181020201247 ,女,黎族,海南省,176,194,180
1181020201248 ,男,黎族,海南省,189,155,187
1181020201249 ,女,黎族,海南省,163,209,181
1181020201250 ,女,黎族,海南省,168,176,177
1181020201251 ,女,黎族,海南省,195,168,166
1181020201252 ,男,黎族,海南省,174,176,173
1181020201253 ,男,黎族,海南省,199,164,187
1181020201254 ,男,黎族,海南省,166,170,194
1181020201255 ,女,黎族,海南省,170,191,174
1181020201256 ,女,黎族,海南省,155,201,176
1181020201257 ,女,黎族,海南省,183,177,179
1181020201258 ,男,黎族,海南省,172,207,178
1181020201259 ,男,黎族,海南省,179,151,188
1181020201260 ,女,黎族,海南省,211,177,169
1181020201261 ,女,黎族,海南省,163,176,182
1181020201262 ,男,黎族,海南省,161,135,199
1181020201263 ,女,黎族,海南省,150,193,192
1181020201264 ,女,黎族,海南省,187,175,181
1181020201265 ,女,黎族,海南省,183,200,184
1181020201266 ,女,黎族,海南省,179,188,173
1181020201267 ,男,黎族,海南省,170,174,205
1181020201268 ,女,黎族,海南省,207,176,170
1181020201269 ,男,黎族,海南省,193,188,176
1181020201270 ,男,黎族,海南省,183,177,158
1181020201271 ,男,汉族,湖北省,107,83,130
1181020201272 ,女,汉族,湖北省,111,124,121
1181020201273 ,男,汉族,湖北省,113,111,125
1181020201274 ,男,汉族,湖北省,100,124,117
1181020201275 ,女,汉族,湖北省,121,120,114
1181020201276 ,男,汉族,湖北省,111,111,119
1181020201277 ,女,汉族,湖北省,108,123,126
1181020201278 ,男,汉族,湖北省,111,125,120
1181020201279 ,男,汉族,湖北省,102,124,113
1181020201280 ,男,汉族,湖北省,117,117,123
1181020201281 ,女,汉族,湖北省,114,105,116
1181020201282 ,女,汉族,湖北省,110,120,117
1181020201283 ,男,汉族,湖北省,102,100,117
1181020201284 ,女,汉族,湖北省,108,110,122
1181020201285 ,女,汉族,上海市,101,111,91
1181020201286 ,男,汉族,上海市,97,97,104
1181020201287 ,男,汉族,上海市,87,92,115
1181020201288 ,男,汉族,上海市,93,93,110
1181020201289 ,女,汉族,上海市,103,91,91
1181020201290 ,男,汉族,四川省,115,131,107
1181020201291 ,男,汉族,四川省,118,124,109
1181020201292 ,男,汉族,四川省,110,125,128
1181020201293 ,男,汉族,四川省,113,116,119
1181020201294 ,女,汉族,四川省,102,120,126
1181020201295 ,女,汉族,四川省,104,132,128
1181020201296 ,男,汉族,四川省,105,127,102
1181020201297 ,女,汉族,四川省,111,131,110
1181020201298 ,男,汉族,四川省,105,119,116
1181020201299 ,男,汉族,四川省,103,107,133
1181020201300 ,女,汉族,四川省,110,119,117
1181020201301 ,男,汉族,四川省,112,139,115
1181020201302 ,男,汉族,四川省,106,133,114
1181020201303 ,女,汉族,四川省,109,128,110
1181020201304 ,男,汉族,四川省,108,114,130
1181020201305 ,男,汉族,四川省,108,126,117
1181020201306 ,女,汉族,四川省,101,108,133
1181020201307 ,男,汉族,四川省,94,130,133
1181020201308 ,女,汉族,四川省,93,140,121
1181020201309 ,男,汉族,四川省,109,137,119
1181020201310 ,女,汉族,四川省,108,128,110
1181020201311 ,女,回族,海南省,,,
1181020201312 ,男,汉族,海南省,,,
1181020201313 ,男,汉族,海南省,,,
1181020201314 ,女,汉族,海南省,,,
1181020201315 ,女,汉族,海南省,,,
1181020201316 ,女,汉族,海南省,,,
1181020201317 ,男,汉族,海南省,,,
1181020201318 ,女,汉族,海南省,,,
1181020201319 ,女,汉族,海南省,,,
1181020201320 ,男,汉族,海南省,,,
1181020201321 ,女,汉族,海南省,,,
1181020201322 ,男,汉族,海南省,,,
1181020201323 ,男,汉族,海南省,,,
1181020201324 ,女,汉族,海南省,,,
1181020201325 ,女,汉族,海南省,,,
1181020201326 ,女,汉族,海南省,,,
1181020201327 ,女,汉族,海南省,,,
1181020201328 ,女,白族,海南省,,,
1181020201329 ,男,汉族,海南省,,,
1181020201330 ,男,汉族,海南省,,,
1181020201331 ,女,汉族,海南省,,,
1181020201332 ,女,汉族,海南省,,,
1181020201333 ,女,汉族,海南省,,,
1181020201334 ,女,汉族,海南省,,,
1181020201335 ,女,汉族,海南省,,,
1181020201336 ,男,汉族,海南省,,,
1181020201337 ,女,汉族,海南省,,,
1181020201338 ,男,汉族,海南省,,,
1181020201339 ,男,汉族,海南省,,,
1181020201340 ,男,汉族,海南省,,,
1181020201341 ,男,汉族,海南省,,,
1181020201342 ,女,汉族,海南省,,,
1181020201343 ,女,侗族,海南省,,,
1181020201344 ,女,汉族,海南省,,,
1181020201345 ,女,汉族,海南省,,,
1181020201346 ,女,汉族,海南省,,,
1181020201347 ,男,汉族,海南省,,,
1181020201348 ,女,汉族,海南省,,,
1181020201349 ,女,汉族,海南省,,,
1181020201350 ,女,汉族,海南省,,,
1181020201351 ,女,汉族,海南省,,,
1181020201352 ,女,汉族,海南省,,,
1181020201353 ,女,汉族,海南省,,,
1181020201354 ,女,汉族,海南省,,,
1181020201355 ,男,汉族,海南省,,,
1181020201356 ,男,彝族,海南省,,,
1181020201357 ,男,汉族,海南省,,,
1181020201358 ,女,汉族,海南省,,,
1181020201359 ,男,汉族,海南省,,,
1181020201360 ,男,壮族,海南省,,,
1181020201361 ,男,汉族,海南省,,,
1181020201362 ,男,汉族,海南省,,,
1181020201363 ,男,汉族,海南省,,,
1181020201364 ,男,汉族,海南省,,,
1181020201365 ,女,回族,海南省,,,
1181020201366 ,女,汉族,海南省,,,
1181020201367 ,男,黎族,海南省,,,
1181020201368 ,男,黎族,海南省,,,
1181020201369 ,男,汉族,海南省,,,
1181020201370 ,女,汉族,海南省,,,
1181020201371 ,男,汉族,海南省,,,
1181020201372 ,女,汉族,海南省,,,
1181020201373 ,男,汉族,海南省,,,
1181020201374 ,女,汉族,海南省,,,
1181020201375 ,女,汉族,海南省,,,
1181020201376 ,男,汉族,海南省,,,
1181020201377 ,女,汉族,海南省,,,
1181020201378 ,女,汉族,海南省,,,
1181020201379 ,男,汉族,海南省,,,
1181020201380 ,女,汉族,海南省,,,
1181020201381 ,女,壮族,海南省,,,
1181020201382 ,女,汉族,海南省,,,
1181020201383 ,男,汉族,海南省,,,
1181020201384 ,男,汉族,海南省,,,
1181020201385 ,女,汉族,海南省,,,
1181020201386 ,男,汉族,海南省,,,
1181020201387 ,女,汉族,海南省,,,
1181020201388 ,女,汉族,海南省,,,
1181020201389 ,男,汉族,海南省,,,
1181020201390 ,女,汉族,海南省,,,
1181020201391 ,女,汉族,海南省,,,
1181020201392 ,女,汉族,海南省,,,
1181020201393 ,男,汉族,海南省,,,
1181020201394 ,女,汉族,海南省,,,
1181020201395 ,女,汉族,海南省,,,
1181020201396 ,女,汉族,海南省,,,
1181020201397 ,男,汉族,海南省,,,
1181020201398 ,女,汉族,海南省,,,
1181020201399 ,女,汉族,海南省,,,
1181020201400 ,女,汉族,海南省,,,
1181020201401 ,女,汉族,海南省,,,
1181020201402 ,女,汉族,海南省,,,
1181020201403 ,女,汉族,海南省,,,
1181020201404 ,男,汉族,海南省,,,
1181020201405 ,女,汉族,海南省,,,
1181020201406 ,女,汉族,海南省,,,
1181020201407 ,男,汉族,海南省,,,
1181020201408 ,男,汉族,海南省,,,
1181020201409 ,女,汉族,海南省,,,
1181020201410 ,女,汉族,海南省,,,
1181020201411 ,男,汉族,海南省,,,
1181020201412 ,男,汉族,海南省,,,
1181020201413 ,男,汉族,海南省,,,
1181020201414 ,男,汉族,海南省,,,
1181020201415 ,男,汉族,海南省,,,
1181020201416 ,女,汉族,海南省,,,
1181020201417 ,男,汉族,海南省,,,
1181020201418 ,男,汉族,海南省,,,
1181020201419 ,女,壮族,海南省,,,
1181020201420 ,女,汉族,海南省,,,
1181020201421 ,女,汉族,海南省,,,
1181020201422 ,男,汉族,海南省,,,
1181020201423 ,女,汉族,海南省,,,
1181020201424 ,男,汉族,海南省,,,
1181020201425 ,男,汉族,海南省,,,
1181020201426 ,男,汉族,海南省,,,
1181020201427 ,男,汉族,海南省,,,
1181020201428 ,男,汉族,海南省,,,
1181020201429 ,女,汉族,海南省,,,
1181020201430 ,男,汉族,海南省,,,
1181020201431 ,女,汉族,海南省,,,
1181020201432 ,男,汉族,海南省,,,
1181020201433 ,女,汉族,海南省,,,
1181020201434 ,女,汉族,海南省,,,
1181020201435 ,女,汉族,海南省,,,
1181020201436 ,女,汉族,海南省,,,
1181020201437 ,男,汉族,海南省,,,
1181020201438 ,男,汉族,海南省,,,
1181020201439 ,女,汉族,海南省,,,
1181020201440 ,女,汉族,海南省,,,
1181020201441 ,女,汉族,海南省,,,
1181020201442 ,女,汉族,海南省,,,
1181020201443 ,女,汉族,海南省,,,
1181020201444 ,男,汉族,海南省,,,
1181020201445 ,男,汉族,海南省,,,
1181020201446 ,女,汉族,海南省,,,
1181020201447 ,女,汉族,海南省,,,
1181020201448 ,女,汉族,海南省,,,
1181020201449 ,男,汉族,海南省,,,
1181020201450 ,男,汉族,海南省,,,
1181020201451 ,男,汉族,海南省,,,
1181020201452 ,男,汉族,海南省,,,
1181020201453 ,女,汉族,海南省,,,
1181020201454 ,女,黎族,海南省,,,
1181020201455 ,女,汉族,海南省,,,
1181020201456 ,女,汉族,海南省,,,
1181020201457 ,女,黎族,海南省,,,
1181020201458 ,男,汉族,海南省,,,
1181020201459 ,女,汉族,海南省,,,
1181020201460 ,女,汉族,海南省,,,
1181020201461 ,男,汉族,海南省,,,
1181020201462 ,男,汉族,海南省,,,
1181020201463 ,女,汉族,海南省,,,
1181020201464 ,女,汉族,海南省,,,
1181020201465 ,女,汉族,海南省,,,
1181020201466 ,女,汉族,海南省,,,
1181020201467 ,女,汉族,海南省,,,
1181020201468 ,女,汉族,海南省,,,
1181020201469 ,女,黎族,海南省,,,
1181020201470 ,女,汉族,海南省,,,
1181020201471 ,女,汉族,海南省,,,
1181020201472 ,男,汉族,海南省,,,
1181020201473 ,女,汉族,海南省,,,
1181020201474 ,女,汉族,海南省,,,
1181020201475 ,男,汉族,海南省,,,
1181020201476 ,男,汉族,海南省,,,
1181020201477 ,男,汉族,海南省,,,
1181020201478 ,女,汉族,海南省,,,
1181020201479 ,女,汉族,海南省,,,
1181020201480 ,女,汉族,海南省,,,
1181020201481 ,女,汉族,海南省,,,
1181020201482 ,女,汉族,海南省,,,
1181020201483 ,女,汉族,海南省,,,
1181020201484 ,女,汉族,海南省,,,
1181020201485 ,女,汉族,海南省,,,
1181020201486 ,女,汉族,海南省,,,
1181020201487 ,女,汉族,海南省,,,
1181020201488 ,女,汉族,海南省,,,
1181020201489 ,女,汉族,海南省,,,
1181020201490 ,女,汉族,海南省,,,
1181020201491 ,女,汉族,海南省,,,
1181020201492 ,女,黎族,海南省,,,
1181020201493 ,女,汉族,海南省,,,
1181020201494 ,女,汉族,海南省,,,
1181020201495 ,女,汉族,海南省,,,
1181020201496 ,女,汉族,海南省,,,
1181020201497 ,女,瑶族,海南省,,,
1181020201498 ,女,汉族,海南省,,,
1181020201499 ,女,汉族,海南省,,,
1181020201500 ,女,汉族,海南省,,,
1181020201501 ,女,汉族,海南省,,,
1181020201502 ,女,汉族,海南省,,,
1181020201503 ,女,汉族,海南省,,,
1181020201504 ,女,汉族,海南省,,,
1181020201505 ,女,汉族,海南省,,,
1181020201506 ,男,汉族,海南省,,,
1181020201507 ,女,满族,海南省,,,
1181020201508 ,女,汉族,海南省,,,
1181020201509 ,女,汉族,海南省,,,
1181020201510 ,女,汉族,海南省,,,
1181020201511 ,女,汉族,海南省,,,
1181020201512 ,女,汉族,海南省,,,
1181020201513 ,女,汉族,海南省,,,
1181020201514 ,女,黎族,海南省,,,
1181020201515 ,女,汉族,海南省,,,
1181020201516 ,男,汉族,海南省,,,
1181020201517 ,女,汉族,海南省,,,
1181020201518 ,女,汉族,海南省,,,
1181020201519 ,女,汉族,海南省,,,
1181020201520 ,女,汉族,海南省,,,
1181020201521 ,女,汉族,海南省,,,
1181020201522 ,女,汉族,海南省,,,
1181020201523 ,女,汉族,海南省,,,
1181020201524 ,男,汉族,海南省,,,
1181020201525 ,女,汉族,海南省,,,
1181020201526 ,女,汉族,海南省,,,
1181020201527 ,女,黎族,海南省,,,
1181020201528 ,女,汉族,海南省,,,
1181020201529 ,女,汉族,海南省,,,
1181020201530 ,女,汉族,海南省,,,
1181020201531 ,女,汉族,海南省,,,
1181020201532 ,女,汉族,海南省,,,
1181020201533 ,女,汉族,海南省,,,
1181020201534 ,女,汉族,海南省,,,
1181020201535 ,女,汉族,海南省,,,
1181020201536 ,女,汉族,海南省,,,
1181020201537 ,女,汉族,海南省,,,
1181020201538 ,女,汉族,海南省,,,
1181020201539 ,男,汉族,海南省,,,
1181020201540 ,女,汉族,海南省,,,
1181020201541 ,女,汉族,海南省,,,
1181020201542 ,女,汉族,海南省,,,
1181020201543 ,女,汉族,海南省,,,
1181020201544 ,女,汉族,海南省,,,
1181020201545 ,女,汉族,海南省,,,
1181020201546 ,女,汉族,海南省,,,
1181020201547 ,男,汉族,海南省,,,
1181020201548 ,女,汉族,海南省,,,
1181020201549 ,女,汉族,海南省,,,
1181020201550 ,女,汉族,海南省,,,
1181020201551 ,女,汉族,海南省,,,
1181020201552 ,男,汉族,海南省,,,
1181020201553 ,女,汉族,海南省,,,
1181020201554 ,女,汉族,海南省,,,
1181020201555 ,女,汉族,海南省,,,
1181020201556 ,女,汉族,海南省,,,
1181020201557 ,男,汉族,海南省,,,
1181020201558 ,女,汉族,海南省,,,
1181020201559 ,男,黎族,海南省,479,446,501
1181020201560 ,男,黎族,海南省,554,517,483
1181020201561 ,女,黎族,海南省,495,497,464
1181020201562 ,男,黎族,海南省,457,527,495
1181020201563 ,男,黎族,海南省,423,547,518
1181020201564 ,男,黎族,海南省,500,419,506
1181020201565 ,男,黎族,海南省,479,552,441
1181020201566 ,男,黎族,海南省,511,463,488
1181020201567 ,男,黎族,海南省,523,438,468
1181020201568 ,女,黎族,海南省,566,497,452
1181020201569 ,男,黎族,海南省,529,403,464
1181020201570 ,女,黎族,海南省,535,512,468
1181020201571 ,女,黎族,海南省,457,520,589
1181020201572 ,男,黎族,海南省,437,442,556
1181020201573 ,男,黎族,海南省,535,559,518
1181020201574 ,男,黎族,海南省,506,492,547
1181020201575 ,男,黎族,海南省,404,450,562
1181020201576 ,男,黎族,海南省,442,502,615
1181020201577 ,女,黎族,海南省,517,500,430
1181020201578 ,男,黎族,海南省,447,368,521
1181020201579 ,女,黎族,海南省,590,530,575
1181020201580 ,女,黎族,海南省,539,576,539
1181020201581 ,女,黎族,海南省,561,581,424
1181020201582 ,女,黎族,海南省,550,605,546
1181020201583 ,男,黎族,海南省,511,550,514
1181020201584 ,女,黎族,海南省,584,571,566
1181020201585 ,男,黎族,海南省,435,578,561
1181020201586 ,女,黎族,海南省,440,614,572
1181020201587 ,女,黎族,海南省,511,532,495
1181020201588 ,男,黎族,海南省,442,450,544
1181020201589 ,女,黎族,海南省,619,579,448
1181020201590 ,男,黎族,海南省,473,494,470
1181020201591 ,女,黎族,海南省,535,549,470
1181020201592 ,女,黎族,海南省,452,537,477
1181020201593 ,女,黎族,海南省,529,549,488
1181020201594 ,女,黎族,海南省,473,457,498
1181020201595 ,男,黎族,海南省,566,414,458
1181020201596 ,女,黎族,海南省,554,507,485
1181020201597 ,女,黎族,海南省,533,495,615
1181020201598 ,女,黎族,海南省,602,573,497
1181020201599 ,女,黎族,海南省,566,530,516
1181020201600 ,女,黎族,海南省,533,573,584
1181020201601 ,女,黎族,海南省,495,532,524
1181020201602 ,女,黎族,海南省,584,519,550
1181020201603 ,女,黎族,海南省,473,571,600
1181020201604 ,男,黎族,海南省,484,558,566
1181020201605 ,女,黎族,海南省,517,553,552
1181020201606 ,女,黎族,海南省,544,590,557
1181020201607 ,女,黎族,海南省,561,425,519
1181020201608 ,女,黎族,海南省,506,563,541
1181020201609 ,男,汉族,陕西省,91,119,93
1181020201610 ,女,汉族,陕西省,104,103,95
1181020201611 ,男,汉族,陕西省,110,122,104
1181020201612 ,女,汉族,陕西省,110,120,89
1181020201613 ,女,汉族,陕西省,105,125,72
1181020201614 ,男,汉族,陕西省,104,122,89
1181020201615 ,男,汉族,陕西省,110,108,90
1181020201616 ,女,汉族,陕西省,118,120,76
1181020201617 ,女,汉族,陕西省,100,101,95
1181020201618 ,女,汉族,陕西省,110,116,84
1181020201619 ,女,汉族,陕西省,115,107,93
1181020201620 ,男,汉族,陕西省,98,120,96
1181020201621 ,男,汉族,陕西省,105,112,99
1181020201622 ,男,汉族,陕西省,98,93,108
1181020201623 ,女,汉族,陕西省,106,108,74
1181020201624 ,男,汉族,陕西省,100,105,94
1181020201625 ,女,汉族,陕西省,106,123,89
1181020201626 ,男,汉族,陕西省,100,119,77
1181020201627 ,女,汉族,陕西省,111,123,81
1181020201628 ,女,汉族,陕西省,99,108,89
1181020201629 ,女,汉族,陕西省,110,87,97
1181020201630 ,男,汉族,陕西省,91,117,112
1181020201631 ,男,汉族,陕西省,108,105,87
1181020201632 ,女,汉族,陕西省,110,103,97
1181020201633 ,女,汉族,陕西省,110,111,93
1181020201634 ,女,汉族,陕西省,112,97,86
1181020201635 ,女,汉族,陕西省,110,111,79
1181020201636 ,男,汉族,陕西省,94,86,108
1181020201637 ,男,汉族,陕西省,102,90,93
1181020201638 ,男,汉族,陕西省,101,122,79
1181020201639 ,男,汉族,陕西省,108,107,99
1181020201640 ,女,汉族,陕西省,116,130,85
1181020201641 ,男,汉族,陕西省,108,85,96
1181020201642 ,女,汉族,陕西省,105,112,88
1181020201643 ,男,汉族,陕西省,103,117,71
1181020201644 ,男,汉族,陕西省,102,87,95
1181020201645 ,女,汉族,陕西省,114,122,93
1181020201646 ,女,汉族,陕西省,96,99,98
1181020201647 ,女,汉族,陕西省,101,94,96
1181020201648 ,女,汉族,陕西省,112,107,94
1181020201649 ,男,汉族,陕西省,108,106,111
1181020201650 ,女,汉族,陕西省,106,120,102
1181020201651 ,男,汉族,陕西省,111,77,112
1181020201652 ,男,汉族,陕西省,102,103,102
1181020201653 ,女,汉族,陕西省,107,106,85
1181020201654 ,女,汉族,陕西省,105,100,97
1181020201655 ,女,汉族,陕西省,102,82,120
1181020201656 ,女,汉族,福建省,116,126,113
1181020201657 ,男,汉族,福建省,114,100,123
1181020201658 ,女,汉族,福建省,118,123,108
1181020201659 ,男,汉族,福建省,113,111,112
1181020201660 ,男,汉族,福建省,103,106,108
1181020201661 ,女,汉族,福建省,125,112,118
1181020201662 ,男,汉族,福建省,110,91,118
1181020201663 ,男,汉族,福建省,123,105,100
1181020201664 ,男,汉族,福建省,111,133,99
1181020201665 ,男,畲族,福建省,110,96,103
1181020201666 ,男,汉族,福建省,106,140,84
1181020201667 ,男,汉族,福建省,124,104,104
1181020201668 ,男,汉族,福建省,107,123,94
1181020201669 ,男,汉族,福建省,123,107,113
1181020201670 ,男,汉族,福建省,117,97,118
1181020201671 ,女,汉族,福建省,124,113,103
1181020201672 ,男,回族,福建省,115,129,97
1181020201673 ,女,汉族,福建省,116,116,114
1181020201674 ,男,汉族,福建省,106,111,98
1181020201675 ,女,汉族,福建省,113,105,102
1181020201676 ,女,汉族,福建省,124,119,79
1181020201677 ,男,汉族,福建省,104,120,108
1181020201678 ,男,汉族,福建省,121,127,92
1181020201679 ,男,汉族,福建省,119,119,91
1181020201680 ,女,汉族,福建省,109,104,107
1181020201681 ,女,汉族,福建省,119,122,106
1181020201682 ,男,汉族,福建省,111,107,104
1181020201683 ,男,汉族,福建省,112,125,99
1181020201684 ,男,汉族,福建省,119,118,95
1181020201685 ,男,汉族,福建省,112,116,121
1181020201686 ,女,汉族,福建省,113,124,116
1181020201687 ,女,汉族,福建省,108,125,86
1181020201688 ,男,汉族,福建省,107,115,99
1181020201689 ,女,汉族,福建省,114,98,95
1181020201690 ,男,汉族,福建省,108,135,104
1181020201691 ,男,汉族,福建省,112,124,103
1181020201692 ,男,畲族,福建省,111,84,98
1181020201693 ,男,汉族,福建省,111,104,92
1181020201694 ,女,汉族,福建省,115,98,109
1181020201695 ,男,汉族,福建省,109,88,106
1181020201696 ,女,汉族,福建省,113,104,101
1181020201697 ,男,汉族,福建省,110,96,110
1181020201698 ,女,汉族,福建省,110,118,103
1181020201699 ,女,汉族,福建省,120,118,98
1181020201700 ,女,汉族,福建省,121,121,94
1181020201701 ,男,汉族,福建省,96,100,111
1181020201702 ,男,汉族,福建省,111,116,101
1181020201703 ,女,汉族,福建省,109,106,99
1181020201704 ,女,畲族,福建省,115,101,84
1181020201705 ,男,汉族,福建省,110,97,108
1181020201706 ,女,汉族,福建省,116,122,85
1181020201707 ,男,汉族,福建省,111,122,83
1181020201708 ,女,汉族,福建省,120,115,85
1181020201709 ,女,汉族,福建省,109,109,91
1181020201710 ,男,畲族,福建省,115,105,93
1181020201711 ,女,汉族,福建省,107,122,87
1181020201712 ,女,汉族,福建省,125,99,94
1181020201713 ,女,汉族,福建省,118,80,98
1181020201714 ,女,汉族,吉林省,108,123,119
1181020201715 ,女,汉族,吉林省,121,136,112
1181020201716 ,女,汉族,吉林省,116,128,119
1181020201717 ,女,汉族,吉林省,114,132,117
1181020201718 ,女,汉族,吉林省,126,119,98
1181020201719 ,男,满族,吉林省,114,118,122
1181020201720 ,男,汉族,吉林省,105,108,114
1181020201721 ,女,汉族,吉林省,108,121,107
1181020201722 ,男,汉族,吉林省,102,97,118
1181020201723 ,女,汉族,吉林省,115,105,111
1181020201724 ,男,汉族,吉林省,109,119,112
1181020201725 ,男,汉族,河南省,129,123,115
1181020201726 ,女,汉族,河南省,115,120,115
1181020201727 ,女,汉族,河南省,120,118,116
1181020201728 ,女,汉族,山西省,129,106,102
1181020201729 ,女,汉族,山西省,107,122,120
1181020201730 ,女,汉族,山西省,112,119,116
1181020201731 ,女,汉族,山西省,112,123,99
1181020201732 ,女,汉族,山西省,114,109,100
1181020201733 ,女,汉族,山西省,125,114,110
1181020201734 ,男,汉族,山西省,102,111,104
1181020201735 ,女,汉族,山西省,111,120,96
1181020201736 ,女,汉族,山西省,105,125,122
1181020201737 ,男,汉族,山西省,108,110,116
1181020201738 ,女,汉族,山西省,109,132,105
1181020201739 ,女,汉族,山西省,103,125,93
1181020201740 ,女,汉族,山西省,113,125,110
1181020201741 ,男,汉族,山西省,113,113,121
1181020201742 ,男,汉族,山西省,112,94,118
1181020201743 ,女,汉族,山西省,110,128,110
1181020201744 ,女,汉族,山西省,120,118,118
1181020201745 ,女,汉族,山西省,112,108,109
1181020201746 ,男,汉族,山西省,111,128,107
1181020201747 ,女,汉族,江西省,106,127,100
1181020201748 ,女,汉族,江西省,117,116,106
1181020201749 ,女,汉族,江西省,99,111,116
1181020201750 ,女,汉族,江西省,102,131,86
1181020201751 ,女,汉族,江西省,109,116,114
1181020201752 ,女,汉族,江西省,108,129,100
1181020201753 ,女,汉族,江西省,105,113,113
1181020201754 ,女,汉族,江西省,109,110,110
1181020201755 ,男,汉族,江西省,100,89,118
1181020201756 ,男,汉族,江西省,112,117,113
1181020201757 ,女,汉族,江西省,105,118,105
1181020201758 ,男,汉族,江西省,95,99,103
1181020201759 ,男,汉族,江西省,102,109,98
1181020201760 ,女,汉族,江西省,114,111,96
1181020201761 ,女,汉族,江西省,93,118,121
1181020201762 ,男,汉族,江西省,112,87,115
1181020201763 ,男,汉族,江西省,91,103,111
1181020201764 ,男,汉族,江西省,104,109,122
1181020201765 ,女,汉族,江西省,98,105,105
1181020201766 ,女,汉族,江西省,109,131,103
1181020201767 ,女,汉族,江西省,118,118,94
1181020201768 ,男,汉族,江西省,103,102,88
1181020201769 ,男,汉族,江西省,102,107,116
1181020201770 ,男,汉族,江西省,94,97,113
1181020201771 ,女,汉族,江西省,105,119,109
1181020201772 ,女,汉族,江西省,113,103,109
1181020201773 ,男,汉族,江西省,100,119,108
1181020201774 ,男,汉族,江西省,96,115,105
1181020201775 ,男,汉族,江西省,106,85,102
1181020201776 ,男,汉族,江西省,105,117,131
1181020201777 ,男,汉族,江西省,105,124,128
1181020201778 ,女,汉族,江西省,98,122,120
1181020201779 ,女,汉族,江西省,109,119,116
1181020201780 ,女,汉族,江西省,108,127,110
1181020201781 ,男,汉族,江西省,107,117,107
1181020201782 ,男,汉族,吉林省,114,102,90
1181020201783 ,男,汉族,陕西省,97,105,87
1181020201784 ,女,汉族,陕西省,101,108,92
1181020201785 ,女,汉族,陕西省,113,101,76
1181020201786 ,女,汉族,陕西省,110,97,88
1181020201787 ,男,汉族,陕西省,97,90,84
1181020201788 ,男,汉族,陕西省,111,68,90
1181020201789 ,女,汉族,陕西省,104,108,58
1181020201790 ,女,汉族,陕西省,102,95,86
1181020201791 ,男,汉族,陕西省,86,111,99
1181020201792 ,女,汉族,海南省,209,229,194
1181020201793 ,女,汉族,海南省,174,214,214
1181020201794 ,男,汉族,海南省,191,222,202
1181020201795 ,男,汉族,甘肃省,107,119,80
1181020201796 ,男,布依族,贵州省,107,114,83
1181020201797 ,女,布依族,贵州省,117,85,84
1181020201798 ,男,彝族,贵州省,113,84,88
1181020201799 ,女,汉族,贵州省,106,97,80
1181020201800 ,男,汉族,贵州省,105,37,111
1181020201801 ,男,布依族,贵州省,113,104,68
1181020201802 ,男,汉族,贵州省,111,58,104
1181020201803 ,女,汉族,贵州省,117,99,77
1181020201804 ,男,汉族,贵州省,105,100,76
1181020201805 ,男,汉族,贵州省,104,78,90
1181020201806 ,男,彝族,贵州省,99,72,79
1181020201807 ,女,白族,贵州省,102,92,73
1181020201808 ,男,汉族,贵州省,98,73,82
1181020201809 ,男,汉族,贵州省,98,66,101
1181020201810 ,女,汉族,贵州省,104,74,82
1181020201811 ,男,汉族,贵州省,115,93,95
1181020201812 ,女,汉族,贵州省,105,104,86
1181020201813 ,女,汉族,贵州省,117,115,75
1181020201814 ,女,汉族,贵州省,113,120,66
1181020201815 ,男,汉族,湖南省,118,90,124
1181020201816 ,男,汉族,湖南省,106,107,113
1181020201817 ,男,汉族,湖南省,104,121,93
1181020201818 ,男,汉族,湖南省,113,128,103
1181020201819 ,男,汉族,湖南省,115,112,106
1181020201820 ,女,汉族,湖南省,108,123,119
1181020201821 ,男,汉族,湖南省,104,111,108
1181020201822 ,女,汉族,湖南省,106,126,94
1181020201823 ,男,汉族,湖南省,103,117,108
1181020201824 ,男,汉族,湖南省,106,111,102
1181020201825 ,男,汉族,湖南省,119,103,110
1181020201826 ,男,汉族,内蒙古自治区,113,121.9,105.5
1181020201827 ,男,汉族,内蒙古自治区,86.5,100,93
1181020201828 ,男,蒙古族,内蒙古自治区,116.5,131.9,63
1181020201829 ,女,汉族,内蒙古自治区,114.5,106.9,84.5
1181020201830 ,男,汉族,内蒙古自治区,97.5,77.5,93
1181020201831 ,男,汉族,内蒙古自治区,97.5,83.8,88.5
1181020201832 ,女,蒙古族,内蒙古自治区,101.5,95,90
1181020201833 ,女,汉族,内蒙古自治区,97,111.3,78
1181020201834 ,女,满族,内蒙古自治区,97.5,99.4,76
1181020201835 ,女,汉族,内蒙古自治区,123.5,95.6,67
1181020201836 ,男,汉族,内蒙古自治区,112,100.6,
1181020201837 ,女,汉族,内蒙古自治区,120.5,50,
1181020201838 ,男,汉族,内蒙古自治区,106.5,78.1,
1181020201839 ,男,汉族,宁夏回族自治区,103,97,102
1181020201840 ,男,汉族,宁夏回族自治区,82,81,97
1181020201841 ,女,汉族,宁夏回族自治区,105,109,66
1181020201842 ,男,汉族,宁夏回族自治区,96,64,91
1181020201843 ,女,汉族,宁夏回族自治区,101,99,73
1181020201844 ,女,汉族,宁夏回族自治区,94,106,81
1181020201845 ,女,汉族,宁夏回族自治区,110,75,92
1181020201846 ,男,汉族,宁夏回族自治区,94,75,92
1181020201847 ,女,汉族,宁夏回族自治区,103,87,81
1181020201848 ,女,汉族,宁夏回族自治区,106,64,89
1181020201849 ,女,回族,宁夏回族自治区,99,97,67
1181020201850 ,女,汉族,宁夏回族自治区,103,87,79
1181020201851 ,女,汉族,宁夏回族自治区,93,105,76
1181020201852 ,女,汉族,宁夏回族自治区,99,95,67
1181020201853 ,女,汉族,宁夏回族自治区,98,86,74
1181020201854 ,女,汉族,宁夏回族自治区,100,82,85
1181020201855 ,男,汉族,宁夏回族自治区,86,72,88
1181020201856 ,女,汉族,宁夏回族自治区,115,82,89
1181020201857 ,女,汉族,宁夏回族自治区,97,94,89
1181020201858 ,男,汉族,新疆维吾尔族自治区,119,119,98
1181020201859 ,女,汉族,新疆维吾尔族自治区,107,93,116
1181020201860 ,男,汉族,新疆维吾尔族自治区,121,108,88
1181020201861 ,女,汉族,新疆维吾尔族自治区,119,106,105
1181020201862 ,男,汉族,新疆维吾尔族自治区,100,91,108
1181020201863 ,女,汉族,新疆维吾尔族自治区,108,118,82
1181020201864 ,女,汉族,新疆维吾尔族自治区,101,115,100
1181020201865 ,男,汉族,新疆维吾尔族自治区,91,64,111
1181020201866 ,男,汉族,安徽省,113,90,115
1181020201867 ,女,汉族,安徽省,108,114,116
1181020201868 ,男,汉族,安徽省,106,85,111
1181020201869 ,男,汉族,安徽省,106,109,107
1181020201870 ,女,汉族,安徽省,113,97,106
1181020201871 ,男,汉族,安徽省,114,92,97
1181020201872 ,男,汉族,安徽省,105,86,114
1181020201873 ,女,汉族,安徽省,109,111,104
1181020201874 ,女,汉族,安徽省,116,107,100
1181020201875 ,女,汉族,安徽省,124,121,86
1181020201876 ,女,汉族,安徽省,108,104,93
1181020201877 ,男,汉族,安徽省,109,124,93
1181020201878 ,男,汉族,安徽省,107,91,102
1181020201879 ,男,汉族,安徽省,90,97,120
1181020201880 ,男,汉族,安徽省,116,103,97
1181020201881 ,男,汉族,安徽省,106,112,92
1181020201882 ,男,汉族,安徽省,115,122,92
1181020201883 ,女,汉族,安徽省,108,102,94
1181020201884 ,男,汉族,安徽省,118,91,96
1181020201885 ,女,汉族,安徽省,112,107,107
1181020201886 ,女,汉族,安徽省,114,122,93
1181020201887 ,男,汉族,安徽省,110,114,83
1181020201888 ,女,汉族,安徽省,114,94,106
1181020201889 ,女,汉族,安徽省,115,103,102
1181020201890 ,男,汉族,安徽省,105,46,115
1181020201891 ,男,汉族,安徽省,104,109,81
1181020201892 ,男,汉族,安徽省,105,93,103
1181020201893 ,女,汉族,安徽省,110,89,109
1181020201894 ,男,汉族,安徽省,108,67,96
1181020201895 ,男,汉族,安徽省,87,90,110
1181020201896 ,女,汉族,安徽省,107,103,95
1181020201897 ,女,汉族,安徽省,108,132,79
1181020201898 ,男,汉族,安徽省,116,122,122
1181020201899 ,男,汉族,安徽省,107,108,109
1181020201900 ,女,汉族,安徽省,106,119,100
1181020201901 ,男,汉族,安徽省,107,108,117
1181020201902 ,女,壮族,广西壮族自治区,103,107,106
1181020201903 ,女,瑶族,广西壮族自治区,96,110,95
1181020201904 ,男,壮族,广西壮族自治区,106,117,94
1181020201905 ,男,汉族,广西壮族自治区,105,105,94
1181020201906 ,男,汉族,广西壮族自治区,99,107,94
1181020201907 ,女,汉族,广西壮族自治区,112,130,93
1181020201908 ,女,瑶族,广西壮族自治区,107,107,84
1181020201909 ,女,回族,广西壮族自治区,104,98,81
1181020201910 ,女,汉族,广西壮族自治区,110,121,91
1181020201911 ,男,汉族,广西壮族自治区,108,129,73
1181020201912 ,女,汉族,广西壮族自治区,95,121,93
1181020201913 ,女,汉族,广西壮族自治区,106,109,92
1181020201914 ,女,汉族,广西壮族自治区,104,116,94
1181020201915 ,女,瑶族,广西壮族自治区,113,131,72
1181020201916 ,女,壮族,广西壮族自治区,107,117,82
1181020201917 ,男,汉族,广西壮族自治区,106,107,88
1181020201918 ,女,壮族,广西壮族自治区,106,96,99
1181020201919 ,男,苗族,广西壮族自治区,104,88,111
1181020201920 ,女,汉族,广西壮族自治区,105,110,97
1181020201921 ,女,壮族,广西壮族自治区,111,100,97
1181020201922 ,女,汉族,广西壮族自治区,115,113,99
1181020201923 ,男,汉族,广西壮族自治区,109,97,83
1181020201924 ,女,汉族,广西壮族自治区,105,102,94
1181020201925 ,男,汉族,广西壮族自治区,105,89,110
1181020201926 ,女,壮族,广西壮族自治区,105,106,79
1181020201927 ,女,汉族,广西壮族自治区,99,112,100
1181020201928 ,女,汉族,广西壮族自治区,107,106,98
1181020201929 ,女,汉族,广西壮族自治区,106,114,89
1181020201930 ,女,汉族,广西壮族自治区,111,123,83
1181020201931 ,男,壮族,广西壮族自治区,112,103,85
1181020201932 ,女,汉族,广西壮族自治区,106,120,76
1181020201933 ,男,汉族,广西壮族自治区,103,112,80
1181020201934 ,女,壮族,广西壮族自治区,109,123,95
1181020201935 ,女,壮族,广西壮族自治区,109,121,83
1181020201936 ,女,汉族,广西壮族自治区,111,101,93
1181020201937 ,女,汉族,广西壮族自治区,111,101,89
1181020201938 ,男,汉族,广西壮族自治区,110,83,94
1181020201939 ,女,汉族,广西壮族自治区,101,92,95
1181020201940 ,女,汉族,广西壮族自治区,99,120,76
1181020201941 ,男,汉族,广西壮族自治区,102,104,69
1181020201942 ,女,汉族,广西壮族自治区,107,122,94
1181020201943 ,女,汉族,广西壮族自治区,110,68,102
1181020201944 ,女,汉族,广西壮族自治区,109,87,80
1181020201945 ,女,汉族,广西壮族自治区,106,98,89
1181020201946 ,女,汉族,广西壮族自治区,97,110,93
1181020201947 ,女,壮族,广西壮族自治区,102,72,85
1181020201948 ,女,汉族,广西壮族自治区,104,110,76
1181020201949 ,女,汉族,广西壮族自治区,105,95,78
1181020201950 ,男,汉族,广西壮族自治区,106,99,68
1181020201951 ,女,汉族,广西壮族自治区,108,95,70
1181020201952 ,女,汉族,广西壮族自治区,102,100,97
1181020201953 ,女,汉族,广西壮族自治区,102,110,73
1181020201954 ,女,汉族,广西壮族自治区,97,101,102
1181020201955 ,女,汉族,广西壮族自治区,105,89,88
1181020201956 ,女,汉族,广西壮族自治区,100,88,94
1181020201957 ,女,汉族,广西壮族自治区,106,78,94
1181020201958 ,女,汉族,广西壮族自治区,101,92,88
1181020201959 ,女,瑶族,广西壮族自治区,97,85,96
1181020201960 ,男,壮族,广西壮族自治区,98,89,102
1181020201961 ,男,汉族,广西壮族自治区,110,81,88
1181020201962 ,女,汉族,广西壮族自治区,103,103,80
1181020201963 ,女,壮族,广西壮族自治区,114,92,75
1181020201964 ,女,瑶族,广西壮族自治区,112,79,93
1181020201965 ,男,壮族,广西壮族自治区,116,75,85
1181020201966 ,女,汉族,广西壮族自治区,113,71,83
1181020201967 ,女,壮族,广西壮族自治区,112,97,76
1181020201968 ,男,汉族,广西壮族自治区,113,95,66
1181020201969 ,男,汉族,广西壮族自治区,109,96,90
1181020201970 ,女,汉族,广西壮族自治区,115,102,80
1181020201971 ,女,汉族,广西壮族自治区,117,87,67
1181020201972 ,女,汉族,广西壮族自治区,103,90,70
1181020201973 ,女,汉族,广西壮族自治区,102,103,74
1181020201974 ,女,汉族,广西壮族自治区,102,83,101
1181020201975 ,男,壮族,广西壮族自治区,109,75,67
1181020201976 ,女,汉族,广西壮族自治区,103,93,86
1181020201977 ,女,汉族,广西壮族自治区,96,99,76
1181020201978 ,男,壮族,广西壮族自治区,106,94,59
1181020201979 ,女,汉族,广西壮族自治区,104,90,79
1181020201980 ,女,回族,宁夏回族自治区,106,90,50
1181020201981 ,女,汉族,宁夏回族自治区,91,78,68
1181020201982 ,女,汉族,宁夏回族自治区,99,81,76
1181020201983 ,女,汉族,河北省,114,122,84
1181020201984 ,女,汉族,甘肃省,103,90,88
1181020201985 ,男,汉族,甘肃省,96,104,74
1181020201986 ,男,汉族,甘肃省,103,78,96
1181020201987 ,女,汉族,甘肃省,99,132,78
1181020201988 ,男,汉族,甘肃省,100,98,88
1181020201989 ,女,汉族,甘肃省,107,98,87
1181020201990 ,女,汉族,甘肃省,101,88,102
1181020201991 ,女,汉族,甘肃省,97,110,89
1181020201992 ,男,汉族,甘肃省,99,118,62
1181020201993 ,女,汉族,甘肃省,111,106,70
1181020201994 ,男,汉族,甘肃省,119,112,88
1181020201995 ,女,汉族,甘肃省,101,111,76
1181020201996 ,女,汉族,甘肃省,103,109,72
1181020201997 ,女,汉族,甘肃省,94,91,96
1181020201998 ,男,汉族,甘肃省,93,70,94
1181020201999 ,男,汉族,甘肃省,103,81,80
1181020202000 ,女,汉族,甘肃省,99,100,98
1181020202001 ,女,汉族,甘肃省,95,104,91
1181020202002 ,女,汉族,甘肃省,112,100,76
1181020202003 ,女,汉族,甘肃省,109,104,73
1181020202004 ,女,汉族,甘肃省,118,111,86
1181020202005 ,男,汉族,甘肃省,107,92,85
1181020202006 ,女,汉族,甘肃省,100,100,80
1181020202007 ,男,汉族,甘肃省,99,70,78
1181020202008 ,男,汉族,甘肃省,105,98,74
1181020202009 ,女,汉族,甘肃省,109,83,71
1181020202010 ,女,汉族,甘肃省,117,91,94
1181020202011 ,女,汉族,甘肃省,112,89,113
1181020202012 ,女,汉族,甘肃省,105,101,99
1181020202013 ,男,汉族,甘肃省,119,71,122
1181020202014 ,男,汉族,甘肃省,107,99,107
1181020202015 ,女,汉族,甘肃省,120,86,89
1181020202016 ,女,汉族,河南省,113,122,112
1181020202017 ,男,回族,河南省,122,90,107
1181020202018 ,男,汉族,河南省,100,113,119
1181020202019 ,女,汉族,河南省,116,118,119
1181020202020 ,男,汉族,河南省,112,112,100
1181020202021 ,女,汉族,河南省,120,134,82
1181020202022 ,女,汉族,河南省,116,93,130
1181020202023 ,男,汉族,河南省,108,104,107
1181020202024 ,男,汉族,河南省,111,106,101
1181020202025 ,女,汉族,河南省,122,111,119
1181020202026 ,男,汉族,河南省,112,120,81
1181020202027 ,男,汉族,河南省,108,89,118
1181020202028 ,女,汉族,河南省,116,110,99
1181020202029 ,女,汉族,河南省,123,133,91
1181020202030 ,女,汉族,河南省,108,101,119
1181020202031 ,女,汉族,河南省,123,116,101
1181020202032 ,女,汉族,河南省,116,127,103
1181020202033 ,男,汉族,河南省,114,101,117
1181020202034 ,女,汉族,河南省,113,124,114
1181020202035 ,女,汉族,河南省,107,123,120
1181020202036 ,男,汉族,河南省,121,99,122
1181020202037 ,女,汉族,河南省,111,100,117
1181020202038 ,男,汉族,河南省,111,116,101
1181020202039 ,男,汉族,河南省,111,103,99
1181020202040 ,男,汉族,河南省,111,103,118
1181020202041 ,男,汉族,河南省,106,102,115
1181020202042 ,女,汉族,河南省,122,122,109
1181020202043 ,女,汉族,河南省,120,108,118
1181020202044 ,男,汉族,河南省,117,108,106
1181020202045 ,男,汉族,河南省,107,111,133
1181020202046 ,女,汉族,河南省,121,113,97
1181020202047 ,女,汉族,河南省,117,106,118
1181020202048 ,女,汉族,河南省,114,112,115
1181020202049 ,男,汉族,河南省,112,99,127
1181020202050 ,女,汉族,河南省,112,76,120
1181020202051 ,男,汉族,河南省,111,101,120
1181020202052 ,女,汉族,河南省,109,119,104
1181020202053 ,女,汉族,河南省,106,121,114
1181020202054 ,女,汉族,河南省,126,115,102
1181020202055 ,女,汉族,河南省,114,117,98
1181020202056 ,男,汉族,河南省,108,71,118
1181020202057 ,男,汉族,河南省,100,87,113
1181020202058 ,女,汉族,河南省,119,108,89
1181020202059 ,女,汉族,河南省,117,101,125
1181020202060 ,男,汉族,河南省,112,94,129
1181020202061 ,女,汉族,河南省,125,108,113
1181020202062 ,男,汉族,河南省,121,88,107
1181020202063 ,男,汉族,河南省,116,106,121
1181020202064 ,女,汉族,河南省,114,104,102
1181020202065 ,男,汉族,河南省,121,89,116
1181020202066 ,女,汉族,河南省,113,111,127
1181020202067 ,男,汉族,河南省,112,89,110
1181020202068 ,女,汉族,河南省,112,135,109
1181020202069 ,男,汉族,河南省,110,108,111
1181020202070 ,女,汉族,河南省,107,111,108
1181020202071 ,男,汉族,河南省,122,112,112
1181020202072 ,女,汉族,河南省,120,98,121
1181020202073 ,女,汉族,河南省,120,119,94
1181020202074 ,男,汉族,河南省,117,100,113
1181020202075 ,女,汉族,河南省,117,116,105
1181020202076 ,女,汉族,河南省,115,124,101
1181020202077 ,男,汉族,河南省,114,131,110
1181020202078 ,男,汉族,河南省,114,111,103
1181020202079 ,男,汉族,河南省,119,98,114
1181020202080 ,女,汉族,河南省,118,118,119
1181020202081 ,女,汉族,河南省,129,123,102
1181020202082 ,女,汉族,河南省,120,124,112
1181020202083 ,男,汉族,河南省,121,110,111
1181020202084 ,男,汉族,河南省,116,101,117
1181020202085 ,女,汉族,河南省,120,119,116
1181020202086 ,女,汉族,河南省,123,107,111
1181020202087 ,女,汉族,河南省,120,113,112
1181020202088 ,女,汉族,河南省,119,110,125
1181020202089 ,女,汉族,河南省,117,101,100
1181020202090 ,男,汉族,河南省,129,109,111
1181020202091 ,男,汉族,内蒙古自治区,98,81.3,91
1181020202092 ,男,汉族,山西省,99,127,112
1181020202093 ,男,汉族,山西省,95,99,121
1181020202094 ,女,汉族,山西省,111,114,102
1181020202095 ,女,汉族,山西省,95,114,123
1181020202096 ,男,汉族,山西省,109,117,85
1181020202097 ,女,汉族,山西省,99,106,111
1181020202098 ,女,汉族,山西省,119,114,104
1181020202099 ,男,汉族,山西省,112,98,119
1181020202100 ,男,汉族,山西省,103,109,106
1181020202101 ,女,汉族,山西省,100,125,104
1181020202102 ,女,汉族,山西省,107,126,111
1181020202103 ,女,汉族,山西省,108,110,113
1181020202104 ,女,汉族,山西省,99,110,107
1181020202105 ,女,汉族,山西省,104,104,120
1181020202106 ,女,汉族,山西省,119,73,113
1181020202107 ,男,汉族,山西省,107,113,103
1181020202108 ,女,汉族,山西省,118,100,100
1181020202109 ,男,汉族,山西省,103,88,106
1181020202110 ,男,汉族,山西省,98,108,116
1181020202111 ,男,汉族,山西省,96,93,121
1181020202112 ,女,汉族,山西省,113,110,97
1181020202113 ,女,汉族,山西省,105,114,94
1181020202114 ,男,汉族,山西省,96,106,117
1181020202115 ,男,汉族,山西省,97,99,110
1181020202116 ,女,汉族,山西省,108,105,103
1181020202117 ,女,汉族,山西省,108,96,101
1181020202118 ,女,汉族,山西省,105,105,100
1181020202119 ,女,汉族,山西省,100,108,98
1181020202120 ,女,汉族,山西省,106,130,88
1181020202121 ,男,汉族,山西省,118,95,123
1181020202122 ,女,汉族,山西省,113,104,105
1181020202123 ,女,汉族,山西省,106,100,132
1181020202124 ,女,汉族,浙江省,109,133,120
1181020202125 ,男,汉族,浙江省,105,126,114
1181020202126 ,男,汉族,浙江省,106,134,117
1181020202127 ,男,汉族,浙江省,109,121,114
1181020202128 ,男,汉族,浙江省,103,119,110
1181020202129 ,男,汉族,浙江省,96,113,127
1181020202130 ,女,汉族,浙江省,98,126,107
1181020202131 ,男,汉族,浙江省,112,117,105
1181020202132 ,男,汉族,浙江省,95,127,114
1181020202133 ,男,汉族,浙江省,107,114,118
1181020202134 ,男,汉族,浙江省,106,122,111
1181020202135 ,男,汉族,浙江省,110,124,111
1181020202136 ,男,汉族,浙江省,103,124,109
1181020202137 ,男,汉族,浙江省,101,117,106
1181020202138 ,女,汉族,浙江省,111,124,98
1181020202139 ,女,汉族,浙江省,108,127,106
1181020202140 ,男,汉族,浙江省,100,121,107
1181020202141 ,男,朝鲜族,浙江省,100,109,120
1181020202142 ,男,汉族,浙江省,101,119,123
1181020202143 ,女,汉族,浙江省,107,119,99
1181020202144 ,女,汉族,浙江省,96,133,114
1181020202145 ,女,汉族,浙江省,112,108,108
1181020202146 ,男,汉族,安徽省,115,93,98
1181020202147 ,男,汉族,安徽省,109,98,79
1181020202148 ,男,汉族,安徽省,100,87,81
1181020202149 ,男,汉族,安徽省,98,80,100
1181020202150 ,女,汉族,安徽省,111,95,91
1181020202151 ,男,汉族,浙江省,106,109,97
1181020202152 ,男,汉族,浙江省,111,121,98
1181020202153 ,男,汉族,浙江省,96,123,123
1181020202154 ,女,汉族,浙江省,104,123,108
1181020202155 ,女,汉族,浙江省,113,126,84
1181020202156 ,男,汉族,浙江省,107,107,115
1181020202157 ,男,汉族,浙江省,96,129,106
1181020202158 ,男,汉族,浙江省,102,124,109
1181020202159 ,女,汉族,浙江省,99,122,107
1181020202160 ,男,汉族,浙江省,100,111,105
1181020202161 ,女,汉族,浙江省,111,119,109
1181020202162 ,男,汉族,浙江省,105,107,112
1181020202163 ,男,汉族,浙江省,109,91,109
1181020202164 ,女,汉族,浙江省,104,96,112
1181020202165 ,女,汉族,浙江省,101,118,107
1181020202166 ,女,汉族,浙江省,105,122,105
1181020202167 ,女,汉族,浙江省,99,108,113
1181020202168 ,男,汉族,浙江省,96,118,94
1181020202169 ,男,汉族,浙江省,107,141,94
1181020202170 ,女,汉族,浙江省,103,117,106
1181020202171 ,女,汉族,浙江省,98,115,93
1181020202172 ,女,汉族,浙江省,109,118,94
1181020202173 ,女,汉族,浙江省,109,116,101
1181020202174 ,男,汉族,浙江省,105,123,117
1181020202175 ,男,汉族,浙江省,105,117,104
1181020202176 ,男,汉族,浙江省,91,101,106
1181020202177 ,男,汉族,浙江省,99,79,106
1181020202178 ,女,汉族,浙江省,107,89,97
1181020202179 ,男,汉族,重庆市,108,112,98
1181020202180 ,女,汉族,重庆市,110,97,109
1181020202181 ,男,汉族,重庆市,98,98,113
1181020202182 ,男,汉族,重庆市,121,108,94
1181020202183 ,男,汉族,重庆市,93,104,104
1181020202184 ,女,汉族,重庆市,114,114,70
1181020202185 ,女,汉族,重庆市,120,125,89
1181020202186 ,男,汉族,重庆市,122,130,103
1181020202187 ,女,汉族,重庆市,114,106,87
1181020202188 ,女,汉族,重庆市,100,120,108
1181020202189 ,男,汉族,重庆市,108,92,94
1181020202190 ,男,汉族,重庆市,105,108,93
1181020202191 ,女,汉族,重庆市,107,112,89
1181020202192 ,男,汉族,重庆市,97,91,93
1181020202193 ,男,土家族,重庆市,105,118,86
1181020202194 ,男,汉族,重庆市,100,78,103
1181020202195 ,女,土家族,重庆市,100,105,81
1181020202196 ,女,汉族,重庆市,109,111,95
1181020202197 ,女,汉族,重庆市,118,104,72
1181020202198 ,女,汉族,重庆市,107,109,89
1181020202199 ,女,汉族,重庆市,106,95,86
1181020202200 ,女,汉族,重庆市,110,112,93
1181020202201 ,女,汉族,重庆市,111,107,77
1181020202202 ,女,汉族,重庆市,112,123,73
1181020202203 ,女,土家族,重庆市,113,67,97
1181020202204 ,女,汉族,重庆市,101,115,89
1181020202205 ,男,汉族,重庆市,110,113,84
1181020202206 ,女,土家族,重庆市,108,105,68
1181020202207 ,男,土家族,重庆市,85,100,104
1181020202208 ,女,汉族,重庆市,105,111,85
1181020202209 ,女,汉族,重庆市,107,111,103
1181020202210 ,女,汉族,重庆市,108,120,101
1181020202211 ,女,汉族,重庆市,115,104,120
1181020202212 ,女,汉族,重庆市,106,120,112
1181020202213 ,女,汉族,重庆市,97,115,115
1181020202214 ,女,汉族,重庆市,107,112,116
1181020202215 ,女,汉族,重庆市,108,87,107
1181020202216 ,女,土家族,重庆市,105,115,84
1181020202217 ,女,汉族,重庆市,108,103,108
1181020202218 ,女,汉族,重庆市,116,107,97
1181020202219 ,女,汉族,湖北省,104,120,100
1181020202220 ,女,汉族,湖北省,120,124,110
1181020202221 ,女,汉族,湖北省,102,90,123
1181020202222 ,男,汉族,湖北省,94,100,107
1181020202223 ,女,汉族,湖北省,97,90,122
1181020202224 ,男,汉族,湖北省,94,61,139
1181020202225 ,男,汉族,湖北省,88,85,123
1181020202226 ,女,汉族,湖北省,101,105,109
1181020202227 ,男,汉族,湖北省,94,89,118
1181020202228 ,女,汉族,湖北省,107,110,115
1181020202229 ,女,汉族,湖北省,117,130,93
1181020202230 ,男,汉族,湖北省,93,104,120
1181020202231 ,男,汉族,湖北省,110,91,101
1181020202232 ,男,汉族,湖北省,95,112,108
1181020202233 ,女,汉族,湖北省,116,68,118
1181020202234 ,女,汉族,湖北省,97,106,120
1181020202235 ,女,汉族,湖北省,96,122,105
1181020202236 ,女,回族,湖北省,113,118,122
1181020202237 ,男,汉族,湖北省,113,111,107
1181020202238 ,男,汉族,湖北省,104,89,115
1181020202239 ,女,汉族,湖北省,104,109,111
1181020202240 ,男,汉族,湖北省,100,106,113
1181020202241 ,男,汉族,湖北省,109,97,94
1181020202242 ,男,汉族,湖北省,105,105,114
1181020202243 ,女,汉族,湖北省,108,106,107
1181020202244 ,女,汉族,湖北省,106,122,99
1181020202245 ,女,汉族,湖北省,99,123,113
1181020202246 ,女,汉族,湖北省,98,117,91
1181020202247 ,男,汉族,湖北省,112,93,110
1181020202248 ,女,汉族,湖北省,108,109,106
1181020202249 ,男,汉族,湖北省,105,87,111
1181020202250 ,女,汉族,湖北省,104,118,106
1181020202251 ,女,汉族,湖北省,116,107,107
1181020202252 ,男,汉族,湖北省,90,106,107
1181020202253 ,男,汉族,湖北省,110,114,93
1181020202254 ,女,汉族,湖北省,103,113,127
1181020202255 ,女,土家族,湖北省,119,110,98
1181020202256 ,女,壮族,广西壮族自治区,119,92,87
1181020202257 ,女,壮族,广西壮族自治区,116,77,81
1181020202258 ,女,壮族,广西壮族自治区,110,82,80
1181020202259 ,女,汉族,广西壮族自治区,106,108,59
1181020202260 ,女,壮族,广西壮族自治区,104,88,60
1181020202261 ,男,壮族,广西壮族自治区,103,78,77
1181020202262 ,女,汉族,广西壮族自治区,111,93,73
1181020202263 ,女,壮族,广西壮族自治区,102,75,78
1181020202264 ,男,壮族,广西壮族自治区,96,72,90
1181020202265 ,女,汉族,广西壮族自治区,107,94,55
1181020202266 ,女,汉族,广西壮族自治区,92,100,57
1181020202267 ,男,阿昌族,云南省,106,98,101
1181020202268 ,女,汉族,云南省,119,101,111
1181020202269 ,女,汉族,云南省,111,100,86
1181020202270 ,女,汉族,云南省,107,103,93
1181020202271 ,男,汉族,山西省,111,73,109
1181020202272 ,男,汉族,山西省,106,105,101
1181020202273 ,女,汉族,山西省,118,112,85
1181020202274 ,女,汉族,海南省,,,
1181020202275 ,女,汉族,海南省,,,
1181020202276 ,女,汉族,海南省,,,
1181020202277 ,男,汉族,海南省,,,
1181020202278 ,女,汉族,海南省,,,
1181020202279 ,男,汉族,海南省,,,
1181020202280 ,女,黎族,海南省,,,
1181020202281 ,男,黎族,海南省,,,
1181020202282 ,女,黎族,海南省,,,
1181020202283 ,女,汉族,海南省,,,
1181020202284 ,女,黎族,海南省,,,
1181020202285 ,男,汉族,海南省,,,
1181020202286 ,男,汉族,海南省,,,
1181020202287 ,女,黎族,海南省,,,
1181020202288 ,女,汉族,海南省,,,
1181020202289 ,女,汉族,海南省,,,
1181020202290 ,男,苗族,海南省,,,
1181020202291 ,女,苗族,海南省,,,
1181020202292 ,女,黎族,海南省,,,
1181020202293 ,女,汉族,海南省,,,
1181020202294 ,男,汉族,海南省,,,
1181020202295 ,男,汉族,海南省,,,
1181020202296 ,女,黎族,海南省,,,
1181020202297 ,女,汉族,海南省,,,
1181020202298 ,男,汉族,海南省,,,
1181020202299 ,女,黎族,海南省,,,
1181020202300 ,男,汉族,海南省,,,
1181020202301 ,女,汉族,海南省,,,
1181020202302 ,男,汉族,海南省,,,
1181020202303 ,男,汉族,海南省,,,
1181020202304 ,女,汉族,海南省,,,
1181020202305 ,女,黎族,海南省,,,
1181020202306 ,女,汉族,海南省,,,
1181020202307 ,男,汉族,海南省,,,
1181020202308 ,女,黎族,海南省,,,
1181020202309 ,女,汉族,海南省,,,
1181020202310 ,女,汉族,海南省,,,
1181020202311 ,女,黎族,海南省,,,
1181020202312 ,女,汉族,海南省,,,
1181020202313 ,女,汉族,海南省,,,
1181020202314 ,女,汉族,海南省,,,
1181020202315 ,女,汉族,河南省,113,126,111
1181020202316 ,女,汉族,云南省,108,127,97
1181020202317 ,男,汉族,云南省,108,128,103
1181020202318 ,男,壮族,云南省,118,94,84
1181020202319 ,男,汉族,云南省,108,95,116
1181020202320 ,女,汉族,云南省,116,112,113
1181020202321 ,女,回族,云南省,107,103,123
1181020202322 ,女,白族,云南省,108,110,111
1181020202323 ,女,汉族,云南省,116,114,99
1181020202324 ,男,哈尼族,云南省,98,113,95
1181020202325 ,女,彝族,云南省,113,112,105
1181020202326 ,女,汉族,云南省,121,106,112
1181020202327 ,女,汉族,云南省,116,119,106
1181020202328 ,男,汉族,云南省,105,93,113
1181020202329 ,女,汉族,云南省,111,111,112
1181020202330 ,女,彝族,云南省,107,106,100
1181020202331 ,男,汉族,云南省,105,100,102
1181020202332 ,男,汉族,云南省,115,105,86
1181020202333 ,女,汉族,云南省,99,112,103
1181020202334 ,女,汉族,云南省,99,114,108
1181020202335 ,女,汉族,云南省,109,88,123
1181020202336 ,女,汉族,云南省,109,118,105
1181020202337 ,女,汉族,云南省,105,125,76
1181020202338 ,男,哈尼族,云南省,98,88,125
1181020202339 ,女,汉族,云南省,112,106,116
1181020202340 ,女,汉族,云南省,110,114,86
1181020202341 ,女,彝族,云南省,114,91,90
1181020202342 ,女,汉族,云南省,103,104,103
1181020202343 ,女,汉族,云南省,115,117,107
1181020202344 ,女,汉族,云南省,114,117,87
1181020202345 ,男,纳西族,云南省,121,129,104
1181020202346 ,女,汉族,云南省,107,99,111
1181020202347 ,男,汉族,云南省,106,85,124
1181020202348 ,女,汉族,云南省,109,104,103
1181020202349 ,女,傈僳族,云南省,114,79,104
1181020202350 ,男,汉族,云南省,100,124,113
1181020202351 ,女,白族,云南省,111,107,93
1181020202352 ,女,汉族,四川省,111,126,112
1181020202353 ,男,汉族,四川省,111,84,111
1181020202354 ,女,汉族,四川省,108,115,102
1181020202355 ,女,汉族,四川省,103,115,104
1181020202356 ,男,汉族,四川省,106,98,117
1181020202357 ,女,汉族,四川省,98,105,111
1181020202358 ,女,汉族,四川省,99,110,122
1181020202359 ,女,汉族,四川省,103,118,91
1181020202360 ,女,汉族,四川省,102,115,95
1181020202361 ,女,汉族,四川省,107,100,108
1181020202362 ,女,汉族,四川省,109,117,100
1181020202363 ,女,汉族,四川省,101,123,96
1181020202364 ,男,汉族,四川省,100,103,105
1181020202365 ,男,汉族,四川省,100,133,92
1181020202366 ,女,汉族,四川省,111,91,102
1181020202367 ,女,汉族,四川省,91,126,114
1181020202368 ,女,汉族,四川省,103,114,100
1181020202369 ,男,汉族,四川省,104,106,112
1181020202370 ,女,汉族,四川省,99,111,98
1181020202371 ,女,汉族,四川省,98,128,84
1181020202372 ,女,汉族,四川省,104,123,104
1181020202373 ,女,汉族,四川省,106,97,102
1181020202374 ,女,汉族,四川省,112,126,94
1181020202375 ,女,汉族,四川省,96,124,103
1181020202376 ,男,汉族,四川省,94,99,113
1181020202377 ,女,汉族,四川省,106,105,110
1181020202378 ,女,汉族,四川省,95,104,122
1181020202379 ,女,汉族,重庆市,106,111,89
1181020202380 ,男,汉族,重庆市,97,118,58
1181020202381 ,男,汉族,重庆市,89,111,88
1181020202382 ,女,汉族,重庆市,104,108,77
1181020202383 ,男,汉族,河南省,111,104,123
1181020202384 ,男,汉族,河南省,116,120,116
1181020202385 ,男,汉族,河南省,115,96,124
1181020202386 ,女,汉族,黑龙江省,101,112,116
1181020202387 ,女,汉族,黑龙江省,109,90,96
1181020202388 ,女,汉族,黑龙江省,111,108,97
1181020202389 ,女,汉族,黑龙江省,105,114,91
1181020202390 ,女,汉族,黑龙江省,107,106,75
1181020202391 ,女,汉族,黑龙江省,101,102,102
1181020202392 ,女,汉族,黑龙江省,111,126,84
1181020202393 ,女,汉族,黑龙江省,106,100,80
1181020202394 ,男,汉族,黑龙江省,97,78,95
1181020202395 ,女,汉族,黑龙江省,95,90,98
1181020202396 ,女,汉族,黑龙江省,97,95,72
1181020202397 ,女,汉族,黑龙江省,109,99,67
1181020202398 ,女,汉族,黑龙江省,106,99,96
1181020202399 ,男,汉族,黑龙江省,104,96,76
1181020202400 ,女,汉族,黑龙江省,103,89,75
1181020202401 ,男,汉族,黑龙江省,88,76,82
1181020202402 ,男,汉族,黑龙江省,103,96,74
1181020202403 ,男,汉族,四川省,104,101,121
1181020202404 ,男,汉族,四川省,104,118,101
1181020202405 ,女,汉族,四川省,103,119,110
1181020202406 ,男,汉族,四川省,103,128,105
1181020202407 ,女,汉族,四川省,103,106,104
1181020202408 ,男,汉族,四川省,99,131,115
1181020202409 ,女,汉族,四川省,113,117,99
1181020202410 ,女,汉族,四川省,111,115,103
1181020202411 ,女,汉族,四川省,94,120,115
1181020202412 ,女,汉族,四川省,88,110,125
1181020202413 ,男,汉族,四川省,107,116,109
1181020202414 ,女,汉族,西藏自治区,107,127,94
1181020202415 ,女,汉族,西藏自治区,112,127,102
1181020202416 ,女,汉族,西藏自治区,100,112,119
1181020202417 ,男,汉族,西藏自治区,110,113,102
1181020202418 ,男,汉族,西藏自治区,111,103,100
1181020202419 ,男,汉族,西藏自治区,109,118,112
1181020202420 ,女,汉族,西藏自治区,104,124,112
1181020202421 ,女,汉族,西藏自治区,115,103,104
1181020202422 ,女,汉族,西藏自治区,95,120,108
1181020202423 ,女,汉族,西藏自治区,105,116,98
1181020202424 ,女,汉族,西藏自治区,99,110,108
1181020202425 ,男,汉族,西藏自治区,112,100,118
1181020202426 ,男,回族,西藏自治区,105,120,100
1181020202427 ,女,汉族,西藏自治区,103,94,104
1181020202428 ,男,汉族,西藏自治区,104,121,95
1181020202429 ,女,汉族,西藏自治区,112,114,115
1181020202430 ,男,汉族,西藏自治区,113,89,99
1181020202431 ,男,汉族,西藏自治区,102,108,117
1181020202432 ,女,汉族,西藏自治区,116,120,95
1181020202433 ,男,汉族,西藏自治区,111,87,110
1181020202434 ,女,藏族,西藏自治区,,76,56
1181020202435 ,女,藏族,西藏自治区,,51,61
1181020202436 ,女,藏族,西藏自治区,,59,57
1181020202437 ,女,藏族,西藏自治区,,44,76
1181020202438 ,女,藏族,西藏自治区,,46,78
1181020202439 ,女,藏族,西藏自治区,,60,70
1181020202440 ,女,藏族,西藏自治区,,58,44
1181020202441 ,男,藏族,西藏自治区,,44,68
1181020202442 ,女,藏族,西藏自治区,,53,59
1181020202443 ,女,藏族,西藏自治区,,74,55
1181020202444 ,女,藏族,西藏自治区,,61,69
1181020202445 ,女,藏族,西藏自治区,,56,62
1181020202446 ,女,藏族,西藏自治区,,34,57
1181020202447 ,女,藏族,西藏自治区,,89,40
1181020202448 ,男,藏族,西藏自治区,,37,61
1181020202449 ,女,藏族,西藏自治区,,51,50
1181020202450 ,女,藏族,西藏自治区,,71,62
1181020202451 ,女,藏族,西藏自治区,,68,42
1181020202452 ,男,藏族,西藏自治区,,34,67
1181020202453 ,男,汉族,福建省,104,128,97
1181020202454 ,男,汉族,福建省,122,126,70
1181020202455 ,女,汉族,湖北省,106,108,99
1181020202456 ,女,汉族,湖北省,90,110,123
1181020202457 ,女,汉族,四川省,113,117,89
1181020202458 ,男,汉族,吉林省,103,113,88
1181020202459 ,女,汉族,吉林省,102,114,99
1181020202460 ,女,汉族,吉林省,104,112,84
1181020202461 ,女,汉族,吉林省,117,107,74
1181020202462 ,女,汉族,吉林省,108,113,81
1181020202463 ,女,汉族,吉林省,113,70,112
1181020202464 ,女,汉族,吉林省,101,113,87
1181020202465 ,女,汉族,吉林省,116,108,74
1181020202466 ,女,汉族,吉林省,109,128,56
1181020202467 ,男,汉族,吉林省,106,84,81
1181020202468 ,男,汉族,吉林省,102,90,85
1181020202469 ,男,汉族,吉林省,105,108,84
1181020202470 ,男,汉族,吉林省,109,92,78
1181020202471 ,男,汉族,云南省,99,98,101
1181020202472 ,女,汉族,云南省,109,100,95
1181020202473 ,男,汉族,云南省,94,83,95
1181020202474 ,女,汉族,云南省,106,95,89
1181020202475 ,女,汉族,西藏自治区,108,117,79
1181020202476 ,女,汉族,黑龙江省,97,116,78
1181020202477 ,女,汉族,新疆维吾尔族自治区,99,111,97
1181020202478 ,男,汉族,新疆维吾尔族自治区,102,68,96
1181020202479 ,男,汉族,新疆维吾尔族自治区,111,76,79
1181020202480 ,男,汉族,新疆维吾尔族自治区,106,79,82
1181020202481 ,男,汉族,新疆维吾尔族自治区,88,100,91
1181020202482 ,女,汉族,新疆维吾尔族自治区,113,92,66
1181020202483 ,女,汉族,新疆维吾尔族自治区,108,102,71
1181020202484 ,女,汉族,新疆维吾尔族自治区,113,86,61
1181020202485 ,女,汉族,新疆维吾尔族自治区,102,99,78
1181020202486 ,女,汉族,新疆维吾尔族自治区,107,103,66
1181020202487 ,女,汉族,新疆维吾尔族自治区,94,93,87
1181020202488 ,女,汉族,新疆维吾尔族自治区,105,100,74
1181020202489 ,男,汉族,新疆维吾尔族自治区,105,79,75
1181020202490 ,男,汉族,新疆维吾尔族自治区,92,71,87
1181020202491 ,男,汉族,新疆维吾尔族自治区,110,103,61
1181020202492 ,男,汉族,新疆维吾尔族自治区,109,79,61
1181020202493 ,女,汉族,新疆维吾尔族自治区,99,96,72
1181020202494 ,女,汉族,新疆维吾尔族自治区,107,64,84
1181020202495 ,女,汉族,新疆维吾尔族自治区,118,86,59
1181020202496 ,女,回族,新疆维吾尔族自治区,106,106,64
1181020202497 ,女,汉族,新疆维吾尔族自治区,88,66,89
